"train/global_step","Qwen/Qwen2.5-1.5B-Instruct-r8-g64-1756182413 - _step","Qwen/Qwen2.5-1.5B-Instruct-r8-g64-1756182413 - _step__MIN","Qwen/Qwen2.5-1.5B-Instruct-r8-g64-1756182413 - _step__MAX","Qwen/Qwen2.5-1.5B-Instruct-r8-g64-1756182413 - train/reward","Qwen/Qwen2.5-1.5B-Instruct-r8-g64-1756182413 - train/reward__MIN","Qwen/Qwen2.5-1.5B-Instruct-r8-g64-1756182413 - train/reward__MAX","Qwen/Qwen2.5-0.5B-Instruct-r8-g64-1756181910 - _step","Qwen/Qwen2.5-0.5B-Instruct-r8-g64-1756181910 - _step__MIN","Qwen/Qwen2.5-0.5B-Instruct-r8-g64-1756181910 - _step__MAX","Qwen/Qwen2.5-0.5B-Instruct-r8-g64-1756181910 - train/reward","Qwen/Qwen2.5-0.5B-Instruct-r8-g64-1756181910 - train/reward__MIN","Qwen/Qwen2.5-0.5B-Instruct-r8-g64-1756181910 - train/reward__MAX"
"1","28","28","28","0.6787960529327393","0.6787960529327393","0.6787960529327393","16","16","16","0.26789581775665283","0.26789581775665283","0.26789581775665283"
"2","57","57","57","0.6484564542770386","0.6484564542770386","0.6484564542770386","33","33","33","0.2678985297679901","0.2678985297679901","0.2678985297679901"
"3","86","86","86","0.7553850412368774","0.7553850412368774","0.7553850412368774","50","50","50","0.19758285582065582","0.19758285582065582","0.19758285582065582"
"4","115","115","115","0.6940841674804688","0.6940841674804688","0.6940841674804688","67","67","67","0.24146312475204468","0.24146312475204468","0.24146312475204468"
"5","144","144","144","0.6243658065795898","0.6243658065795898","0.6243658065795898","84","84","84","0.27013421058654785","0.27013421058654785","0.27013421058654785"
"6","173","173","173","0.7916010618209839","0.7916010618209839","0.7916010618209839","101","101","101","0.17063915729522705","0.17063915729522705","0.17063915729522705"
"7","202","202","202","0.7093921899795532","0.7093921899795532","0.7093921899795532","118","118","118","0.25278446078300476","0.25278446078300476","0.25278446078300476"
"8","231","231","231","0.6546355485916138","0.6546355485916138","0.6546355485916138","135","135","135","0.2068939507007599","0.2068939507007599","0.2068939507007599"
"9","260","260","260","0.72475665807724","0.72475665807724","0.72475665807724","152","152","152","0.2590247392654419","0.2590247392654419","0.2590247392654419"
"10","289","289","289","0.745284378528595","0.745284378528595","0.745284378528595","169","169","169","0.2218952476978302","0.2218952476978302","0.2218952476978302"
"11","318","318","318","0.6392512321472168","0.6392512321472168","0.6392512321472168","186","186","186","0.1949801743030548","0.1949801743030548","0.1949801743030548"
"12","347","347","347","0.7091088891029358","0.7091088891029358","0.7091088891029358","203","203","203","0.21411120891571045","0.21411120891571045","0.21411120891571045"
"13","376","376","376","0.7242833375930786","0.7242833375930786","0.7242833375930786","220","220","220","0.2843098044395447","0.2843098044395447","0.2843098044395447"
"14","405","405","405","0.8217350244522095","0.8217350244522095","0.8217350244522095","237","237","237","0.1805931031703949","0.1805931031703949","0.1805931031703949"
"15","434","434","434","0.80670166015625","0.80670166015625","0.80670166015625","254","254","254","0.21690690517425537","0.21690690517425537","0.21690690517425537"
"16","463","463","463","0.7090588212013245","0.7090588212013245","0.7090588212013245","271","271","271","0.31567490100860596","0.31567490100860596","0.31567490100860596"
"17","492","492","492","0.6744356751441956","0.6744356751441956","0.6744356751441956","288","288","288","0.28680479526519775","0.28680479526519775","0.28680479526519775"
"18","521","521","521","0.7611977458000183","0.7611977458000183","0.7611977458000183","305","305","305","0.3786012828350067","0.3786012828350067","0.3786012828350067"
"19","550","550","550","0.7091031670570374","0.7091031670570374","0.7091031670570374","322","322","322","0.3210313320159912","0.3210313320159912","0.3210313320159912"
"20","579","579","579","0.6998428106307983","0.6998428106307983","0.6998428106307983","339","339","339","0.3744433522224426","0.3744433522224426","0.3744433522224426"
"21","608","608","608","0.7089601755142212","0.7089601755142212","0.7089601755142212","356","356","356","0.4226437509059906","0.4226437509059906","0.4226437509059906"
"22","637","637","637","0.6940624713897705","0.6940624713897705","0.6940624713897705","373","373","373","0.30345675349235535","0.30345675349235535","0.30345675349235535"
"23","666","666","666","0.7704242467880249","0.7704242467880249","0.7704242467880249","390","390","390","0.37399715185165405","0.37399715185165405","0.37399715185165405"
"24","695","695","695","0.8157012462615967","0.8157012462615967","0.8157012462615967","407","407","407","0.4259440302848816","0.4259440302848816","0.4259440302848816"
"25","724","724","724","0.8612214922904968","0.8612214922904968","0.8612214922904968","424","424","424","0.3087823987007141","0.3087823987007141","0.3087823987007141"
"26","753","753","753","0.7854939103126526","0.7854939103126526","0.7854939103126526","441","441","441","0.4066891074180603","0.4066891074180603","0.4066891074180603"
"27","782","782","782","0.8310868740081787","0.8310868740081787","0.8310868740081787","458","458","458","0.5112695693969727","0.5112695693969727","0.5112695693969727"
"28","811","811","811","0.7852575778961182","0.7852575778961182","0.7852575778961182","475","475","475","0.3322886824607849","0.3322886824607849","0.3322886824607849"
"29","840","840","840","0.7091825604438782","0.7091825604438782","0.7091825604438782","492","492","492","0.3585083484649658","0.3585083484649658","0.3585083484649658"
"30","869","869","869","0.7243572473526001","0.7243572473526001","0.7243572473526001","509","509","509","0.4258386194705963","0.4258386194705963","0.4258386194705963"
"31","898","898","898","0.8608207702636719","0.8608207702636719","0.8608207702636719","526","526","526","0.47189512848854065","0.47189512848854065","0.47189512848854065"
"32","927","927","927","0.7997111082077026","0.7997111082077026","0.7997111082077026","543","543","543","0.4324920177459717","0.4324920177459717","0.4324920177459717"
"33","956","956","956","0.7150974273681641","0.7150974273681641","0.7150974273681641","560","560","560","0.5306028127670288","0.5306028127670288","0.5306028127670288"
"34","985","985","985","0.8048748970031738","0.8048748970031738","0.8048748970031738","577","577","577","0.5746219158172607","0.5746219158172607","0.5746219158172607"
"35","1014","1014","1014","0.7545331120491028","0.7545331120491028","0.7545331120491028","594","594","594","0.5718121528625488","0.5718121528625488","0.5718121528625488"
"36","1043","1043","1043","0.8614046573638916","0.8614046573638916","0.8614046573638916","611","611","611","0.46919888257980347","0.46919888257980347","0.46919888257980347"
"37","1072","1072","1072","0.876622200012207","0.876622200012207","0.876622200012207","628","628","628","0.6506398320198059","0.6506398320198059","0.6506398320198059"
"38","1101","1101","1101","0.8555781841278076","0.8555781841278076","0.8555781841278076","645","645","645","0.4960283041000366","0.4960283041000366","0.4960283041000366"
"39","1130","1130","1130","0.9226766228675842","0.9226766228675842","0.9226766228675842","662","662","662","0.5898250341415405","0.5898250341415405","0.5898250341415405"
"40","1159","1159","1159","0.7544053792953491","0.7544053792953491","0.7544053792953491","679","679","679","0.5774505734443665","0.5774505734443665","0.5774505734443665"
"41","1188","1188","1188","0.9071460962295532","0.9071460962295532","0.9071460962295532","696","696","696","0.590096116065979","0.590096116065979","0.590096116065979"
"42","1217","1217","1217","0.8073536157608032","0.8073536157608032","0.8073536157608032","713","713","713","0.6533423662185669","0.6533423662185669","0.6533423662185669"
"43","1246","1246","1246","0.824834406375885","0.824834406375885","0.824834406375885","730","730","730","0.5688018202781677","0.5688018202781677","0.5688018202781677"
"44","1275","1275","1275","0.9042485952377319","0.9042485952377319","0.9042485952377319","747","747","747","0.6675209403038025","0.6675209403038025","0.6675209403038025"
"45","1304","1304","1304","0.8906586170196533","0.8906586170196533","0.8906586170196533","764","764","764","0.739410400390625","0.739410400390625","0.739410400390625"
"46","1333","1333","1333","0.7904125452041626","0.7904125452041626","0.7904125452041626","781","781","781","0.6483792066574097","0.6483792066574097","0.6483792066574097"
"47","1362","1362","1362","0.8764292001724243","0.8764292001724243","0.8764292001724243","798","798","798","0.7918429374694824","0.7918429374694824","0.7918429374694824"
"48","1391","1391","1391","0.891958475112915","0.891958475112915","0.891958475112915","815","815","815","0.6937713623046875","0.6937713623046875","0.6937713623046875"
"49","1420","1420","1420","0.8311732411384583","0.8311732411384583","0.8311732411384583","832","832","832","0.7289025783538818","0.7289025783538818","0.7289025783538818"
"50","1449","1449","1449","0.913375735282898","0.913375735282898","0.913375735282898","849","849","849","0.8007302284240723","0.8007302284240723","0.8007302284240723"
"51","1478","1478","1478","0.9223278760910034","0.9223278760910034","0.9223278760910034","866","866","866","0.8918682336807251","0.8918682336807251","0.8918682336807251"
"52","1507","1507","1507","0.9222768545150757","0.9222768545150757","0.9222768545150757","883","883","883","0.7697071433067322","0.7697071433067322","0.7697071433067322"
"53","1536","1536","1536","0.9221751689910889","0.9221751689910889","0.9221751689910889","900","900","900","0.8921037912368774","0.8921037912368774","0.8921037912368774"
"54","1565","1565","1565","0.9071215391159058","0.9071215391159058","0.9071215391159058","917","917","917","0.9072953462600708","0.9072953462600708","0.9072953462600708"
"55","1594","1594","1594","0.9071003198623657","0.9071003198623657","0.9071003198623657","934","934","934","0.84624844789505","0.84624844789505","0.84624844789505"
"56","1623","1623","1623","0.9224684238433838","0.9224684238433838","0.9224684238433838","951","951","951","0.9376394748687744","0.9376394748687744","0.9376394748687744"
"57","1652","1652","1652","0.9681320786476135","0.9681320786476135","0.9681320786476135","968","968","968","0.9364153146743774","0.9364153146743774","0.9364153146743774"
"58","1681","1681","1681","0.906994640827179","0.906994640827179","0.906994640827179","985","985","985","0.8919116258621216","0.8919116258621216","0.8919116258621216"
"59","1710","1710","1710","0.9681353569030762","0.9681353569030762","0.9681353569030762","1002","1002","1002","0.9222038984298706","0.9222038984298706","0.9222038984298706"
"60","1739","1739","1739","0.9222656488418579","0.9222656488418579","0.9222656488418579","1019","1019","1019","0.9416531920433044","0.9416531920433044","0.9416531920433044"
"61","1768","1768","1768","0.9070179462432861","0.9070179462432861","0.9070179462432861","1036","1036","1036","0.9046528339385986","0.9046528339385986","0.9046528339385986"
"62","1797","1797","1797","0.9225015640258789","0.9225015640258789","0.9225015640258789","1053","1053","1053","0.9085809588432312","0.9085809588432312","0.9085809588432312"
"63","1826","1826","1826","0.9376397728919983","0.9376397728919983","0.9376397728919983","1070","1070","1070","0.9681674242019653","0.9681674242019653","0.9681674242019653"
"64","1855","1855","1855","0.9833097457885742","0.9833097457885742","0.9833097457885742","1087","1087","1087","0.9225600361824036","0.9225600361824036","0.9225600361824036"
"65","1884","1884","1884","0.9376776814460754","0.9376776814460754","0.9376776814460754","1104","1104","1104","0.9069784879684448","0.9069784879684448","0.9069784879684448"
"66","1913","1913","1913","0.9832605123519897","0.9832605123519897","0.9832605123519897","1121","1121","1121","0.9225010871887207","0.9225010871887207","0.9225010871887207"
"67","1942","1942","1942","0.9528908133506775","0.9528908133506775","0.9528908133506775","1138","1138","1138","0.8763936758041382","0.8763936758041382","0.8763936758041382"
"68","1971","1971","1971","0.9374973773956299","0.9374973773956299","0.9374973773956299","1155","1155","1155","0.9070597290992737","0.9070597290992737","0.9070597290992737"
"69","2000","2000","2000","0.9528399705886841","0.9528399705886841","0.9528399705886841","1172","1172","1172","0.9374202489852905","0.9374202489852905","0.9374202489852905"
"70","2029","2029","2029","0.9681157469749451","0.9681157469749451","0.9681157469749451","1189","1189","1189","0.937613844871521","0.937613844871521","0.937613844871521"
"71","2058","2058","2058","0.9678957462310791","0.9678957462310791","0.9678957462310791","1206","1206","1206","0.9680022597312927","0.9680022597312927","0.9680022597312927"
"72","2087","2087","2087","0.9528638124465942","0.9528638124465942","0.9528638124465942","1223","1223","1223","0.9528073072433472","0.9528073072433472","0.9528073072433472"
"73","2116","2116","2116","0.9529063701629639","0.9529063701629639","0.9529063701629639","1240","1240","1240","0.9372487664222717","0.9372487664222717","0.9372487664222717"
"74","2145","2145","2145","0.9681209325790405","0.9681209325790405","0.9681209325790405","1257","1257","1257","0.9527755975723267","0.9527755975723267","0.9527755975723267"
"75","2174","2174","2174","0.9832631349563599","0.9832631349563599","0.9832631349563599","1274","1274","1274","0.9529528617858887","0.9529528617858887","0.9529528617858887"
"76","2203","2203","2203","0.9652885794639587","0.9652885794639587","0.9652885794639587","1291","1291","1291","0.96800696849823","0.96800696849823","0.96800696849823"
"77","2232","2232","2232","0.9526501893997192","0.9526501893997192","0.9526501893997192","1308","1308","1308","0.968194842338562","0.968194842338562","0.968194842338562"
"78","2261","2261","2261","0.9680410623550415","0.9680410623550415","0.9680410623550415","1325","1325","1325","0.9351159334182739","0.9351159334182739","0.9351159334182739"
"79","2290","2290","2290","0.9680294990539551","0.9680294990539551","0.9680294990539551","1342","1342","1342","0.968147873878479","0.968147873878479","0.968147873878479"
"80","2319","2319","2319","0.952639102935791","0.952639102935791","0.952639102935791","1359","1359","1359","0.9680830240249634","0.9680830240249634","0.9680830240249634"
"81","2348","2348","2348","0.9527037143707275","0.9527037143707275","0.9527037143707275","1376","1376","1376","0.9834124445915222","0.9834124445915222","0.9834124445915222"
"82","2377","2377","2377","0.9225068688392639","0.9225068688392639","0.9225068688392639","1393","1393","1393","0.9681569337844849","0.9681569337844849","0.9681569337844849"
"83","2406","2406","2406","0.9679077863693237","0.9679077863693237","0.9679077863693237","1410","1410","1410","0.9680778980255127","0.9680778980255127","0.9680778980255127"
"84","2435","2435","2435","0.9679471850395203","0.9679471850395203","0.9679471850395203","1427","1427","1427","0.9832993745803833","0.9832993745803833","0.9832993745803833"
"85","2464","2464","2464","0.967979371547699","0.967979371547699","0.967979371547699","1444","1444","1444","0.9681427478790283","0.9681427478790283","0.9681427478790283"
"86","2493","2493","2493","0.9680496454238892","0.9680496454238892","0.9680496454238892","1461","1461","1461","0.9679450988769531","0.9679450988769531","0.9679450988769531"
"87","2522","2522","2522","0.9681040048599243","0.9681040048599243","0.9681040048599243","1478","1478","1478","0.9766924381256104","0.9766924381256104","0.9766924381256104"
"88","2551","2551","2551","0.9678537249565125","0.9678537249565125","0.9678537249565125","1495","1495","1495","0.983319103717804","0.983319103717804","0.983319103717804"
"89","2580","2580","2580","0.9833235740661621","0.9833235740661621","0.9833235740661621","1512","1512","1512","0.9825733304023743","0.9825733304023743","0.9825733304023743"
"90","2609","2609","2609","0.9832335710525513","0.9832335710525513","0.9832335710525513","1529","1529","1529","0.9833406209945679","0.9833406209945679","0.9833406209945679"
"91","2638","2638","2638","0.9526875019073486","0.9526875019073486","0.9526875019073486","1546","1546","1546","0.9526856541633606","0.9526856541633606","0.9526856541633606"
"92","2667","2667","2667","0.9832532405853271","0.9832532405853271","0.9832532405853271","1563","1563","1563","0.9680945873260498","0.9680945873260498","0.9680945873260498"
"93","2696","2696","2696","0.9834052324295044","0.9834052324295044","0.9834052324295044","1580","1580","1580","0.9833871722221375","0.9833871722221375","0.9833871722221375"
"94","2725","2725","2725","0.9679509997367859","0.9679509997367859","0.9679509997367859","1597","1597","1597","0.9833036661148071","0.9833036661148071","0.9833036661148071"
"95","2754","2754","2754","0.983304500579834","0.983304500579834","0.983304500579834","1614","1614","1614","0.9681174159049988","0.9681174159049988","0.9681174159049988"
"96","2783","2783","2783","0.9832985401153564","0.9832985401153564","0.9832985401153564","1631","1631","1631","0.9832576513290405","0.9832576513290405","0.9832576513290405"
"97","2812","2812","2812","0.9679062962532043","0.9679062962532043","0.9679062962532043","1648","1648","1648","0.952786922454834","0.952786922454834","0.952786922454834"
"98","2841","2841","2841","0.9833159446716309","0.9833159446716309","0.9833159446716309","1665","1665","1665","0.9833322763442993","0.9833322763442993","0.9833322763442993"
"99","2870","2870","2870","0.9679254293441772","0.9679254293441772","0.9679254293441772","1682","1682","1682","0.952778697013855","0.952778697013855","0.952778697013855"
"100","2899","2899","2899","0.9679723978042603","0.9679723978042603","0.9679723978042603","1699","1699","1699","0.9833676815032959","0.9833676815032959","0.9833676815032959"
"101","2928","2928","2928","0.9527952671051025","0.9527952671051025","0.9527952671051025","1716","1716","1716","0.9832726716995239","0.9832726716995239","0.9832726716995239"
"102","2957","2957","2957","0.9833983182907104","0.9833983182907104","0.9833983182907104","1733","1733","1733","0.9673996567726135","0.9673996567726135","0.9673996567726135"
"103","2986","2986","2986","0.9834339618682861","0.9834339618682861","0.9834339618682861","1750","1750","1750","0.9529303312301636","0.9529303312301636","0.9529303312301636"
"104","3015","3015","3015","0.9375118017196655","0.9375118017196655","0.9375118017196655","1767","1767","1767","0.9681048393249512","0.9681048393249512","0.9681048393249512"
"105","3044","3044","3044","0.958694577217102","0.958694577217102","0.958694577217102","1784","1784","1784","0.9832829236984253","0.9832829236984253","0.9832829236984253"
"106","3073","3073","3073","0.9834234714508057","0.9834234714508057","0.9834234714508057","1801","1801","1801","0.968014657497406","0.968014657497406","0.968014657497406"
"107","3102","3102","3102","0.9530009031295776","0.9530009031295776","0.9530009031295776","1818","1818","1818","0.9679270386695862","0.9679270386695862","0.9679270386695862"
"108","3131","3131","3131","0.9679900407791138","0.9679900407791138","0.9679900407791138","1835","1835","1835","0.9376877546310425","0.9376877546310425","0.9376877546310425"
"109","3160","3160","3160","0.9526424407958984","0.9526424407958984","0.9526424407958984","1852","1852","1852","0.9527443647384644","0.9527443647384644","0.9527443647384644"
"110","3189","3189","3189","0.9833954572677612","0.9833954572677612","0.9833954572677612","1869","1869","1869","0.9833037853240967","0.9833037853240967","0.9833037853240967"
"111","3218","3218","3218","0.9679703712463379","0.9679703712463379","0.9679703712463379","1886","1886","1886","0.968174397945404","0.968174397945404","0.968174397945404"
"112","3247","3247","3247","0.9832214117050171","0.9832214117050171","0.9832214117050171","1903","1903","1903","0.9680145978927612","0.9680145978927612","0.9680145978927612"
"113","3276","3276","3276","0.9682250022888184","0.9682250022888184","0.9682250022888184","1920","1920","1920","0.9824889898300171","0.9824889898300171","0.9824889898300171"
"114","3305","3305","3305","0.9529960751533508","0.9529960751533508","0.9529960751533508","1937","1937","1937","0.9528475403785706","0.9528475403785706","0.9528475403785706"
"115","3334","3334","3334","0.9372562170028687","0.9372562170028687","0.9372562170028687","1954","1954","1954","0.9527015686035156","0.9527015686035156","0.9527015686035156"
"116","3363","3363","3363","0.9528433084487915","0.9528433084487915","0.9528433084487915","1971","1971","1971","0.9373615980148315","0.9373615980148315","0.9373615980148315"
"117","3392","3392","3392","0.9529954195022583","0.9529954195022583","0.9529954195022583","1988","1988","1988","0.9526479244232178","0.9526479244232178","0.9526479244232178"
"118","3421","3421","3421","0.967918872833252","0.967918872833252","0.967918872833252","2005","2005","2005","0.9117462038993835","0.9117462038993835","0.9117462038993835"
"119","3450","3450","3450","0.983250617980957","0.983250617980957","0.983250617980957","2022","2022","2022","0.9346466660499573","0.9346466660499573","0.9346466660499573"
"120","3479","3479","3479","0.9833710193634033","0.9833710193634033","0.9833710193634033","2039","2039","2039","0.95200514793396","0.95200514793396","0.95200514793396"
"121","3508","3508","3508","0.9366782903671265","0.9366782903671265","0.9366782903671265","2056","2056","2056","0.8862195014953613","0.8862195014953613","0.8862195014953613"
"122","3537","3537","3537","0.9681970477104187","0.9681970477104187","0.9681970477104187","2073","2073","2073","0.8953529596328735","0.8953529596328735","0.8953529596328735"
"123","3566","3566","3566","0.953029990196228","0.953029990196228","0.953029990196228","2090","2090","2090","0.9243898987770081","0.9243898987770081","0.9243898987770081"
"124","3595","3595","3595","0.9528982043266296","0.9528982043266296","0.9528982043266296","2107","2107","2107","0.8757327795028687","0.8757327795028687","0.8757327795028687"
"125","3624","3624","3624","0.9377943277359009","0.9377943277359009","0.9377943277359009","2124","2124","2124","0.889873743057251","0.889873743057251","0.889873743057251"
"126","3653","3653","3653","0.968052327632904","0.968052327632904","0.968052327632904","2141","2141","2141","0.9527649879455566","0.9527649879455566","0.9527649879455566"
"127","3682","3682","3682","0.9834291934967041","0.9834291934967041","0.9834291934967041","2158","2158","2158","0.9373267292976379","0.9373267292976379","0.9373267292976379"
"128","3711","3711","3711","0.952607274055481","0.952607274055481","0.952607274055481","2175","2175","2175","0.9512616991996765","0.9512616991996765","0.9512616991996765"
"129","3740","3740","3740","0.9834375381469727","0.9834375381469727","0.9834375381469727","2192","2192","2192","0.9372893571853638","0.9372893571853638","0.9372893571853638"
"130","3769","3769","3769","0.906697154045105","0.906697154045105","0.906697154045105","2209","2209","2209","0.9269618988037109","0.9269618988037109","0.9269618988037109"
"131","3798","3798","3798","0.9833216071128845","0.9833216071128845","0.9833216071128845","2226","2226","2226","0.9523601531982422","0.9523601531982422","0.9523601531982422"
"132","3827","3827","3827","0.9222097396850586","0.9222097396850586","0.9222097396850586","2243","2243","2243","0.9669870734214783","0.9669870734214783","0.9669870734214783"
"133","3856","3856","3856","0.9527090787887573","0.9527090787887573","0.9527090787887573","2260","2260","2260","0.9372950792312622","0.9372950792312622","0.9372950792312622"
"134","3885","3885","3885","0.9527395367622375","0.9527395367622375","0.9527395367622375","2277","2277","2277","0.9218571782112122","0.9218571782112122","0.9218571782112122"
"135","3914","3914","3914","0.9558528661727905","0.9558528661727905","0.9558528661727905","2294","2294","2294","0.8803128004074097","0.8803128004074097","0.8803128004074097"
"136","3943","3943","3943","0.9406374096870422","0.9406374096870422","0.9406374096870422","2311","2311","2311","0.8777853846549988","0.8777853846549988","0.8777853846549988"
"137","3972","3972","3972","0.8912844657897949","0.8912844657897949","0.8912844657897949","2328","2328","2328","0.9523062705993652","0.9523062705993652","0.9523062705993652"
"138","4001","4001","4001","0.9219396114349365","0.9219396114349365","0.9219396114349365","2345","2345","2345","0.9368846416473389","0.9368846416473389","0.9368846416473389"
"139","4030","4030","4030","0.8443682789802551","0.8443682789802551","0.8443682789802551","2362","2362","2362","0.9353286027908325","0.9353286027908325","0.9353286027908325"
"140","4059","4059","4059","0.853101372718811","0.853101372718811","0.853101372718811","2379","2379","2379","0.9522819519042969","0.9522819519042969","0.9522819519042969"
"141","4088","4088","4088","0.886246919631958","0.886246919631958","0.886246919631958","2396","2396","2396","0.9216739535331726","0.9216739535331726","0.9216739535331726"
"142","4117","4117","4117","0.938068687915802","0.938068687915802","0.938068687915802","2413","2413","2413","0.9594213962554932","0.9594213962554932","0.9594213962554932"
"143","4146","4146","4146","0.9158585071563721","0.9158585071563721","0.9158585071563721","2430","2430","2430","0.7926889657974243","0.7926889657974243","0.7926889657974243"
"144","4175","4175","4175","0.8702276349067688","0.8702276349067688","0.8702276349067688","2447","2447","2447","0.8435842394828796","0.8435842394828796","0.8435842394828796"
"145","4204","4204","4204","0.873976469039917","0.873976469039917","0.873976469039917","2464","2464","2464","0.9212671518325806","0.9212671518325806","0.9212671518325806"
"146","4233","4233","4233","0.921299397945404","0.921299397945404","0.921299397945404","2481","2481","2481","0.9440481662750244","0.9440481662750244","0.9440481662750244"
"147","4262","4262","4262","0.9031957387924194","0.9031957387924194","0.9031957387924194","2498","2498","2498","0.9214372634887695","0.9214372634887695","0.9214372634887695"
"148","4291","4291","4291","0.8278154134750366","0.8278154134750366","0.8278154134750366","2515","2515","2515","0.8572937250137329","0.8572937250137329","0.8572937250137329"
"149","4320","4320","4320","0.7540848255157471","0.7540848255157471","0.7540848255157471","2532","2532","2532","0.9065353274345398","0.9065353274345398","0.9065353274345398"
"150","4349","4349","4349","0.8474007844924927","0.8474007844924927","0.8474007844924927","2549","2549","2549","0.8329741954803467","0.8329741954803467","0.8329741954803467"
"151","4378","4378","4378","0.8143147230148315","0.8143147230148315","0.8143147230148315","2566","2566","2566","0.900486409664154","0.900486409664154","0.900486409664154"
"152","4407","4407","4407","0.811089038848877","0.811089038848877","0.811089038848877","","","","","",""
"153","4436","4436","4436","0.8301082849502563","0.8301082849502563","0.8301082849502563","","","","","",""
"154","4465","4465","4465","0.9144087433815002","0.9144087433815002","0.9144087433815002","","","","","",""
"155","4494","4494","4494","0.8302016854286194","0.8302016854286194","0.8302016854286194","","","","","",""
"156","4523","4523","4523","0.8689210414886475","0.8689210414886475","0.8689210414886475","","","","","",""
"157","4552","4552","4552","0.8824746012687683","0.8824746012687683","0.8824746012687683","","","","","",""
"158","4581","4581","4581","0.8536834716796875","0.8536834716796875","0.8536834716796875","","","","","",""
"159","4610","4610","4610","0.8882163763046265","0.8882163763046265","0.8882163763046265","","","","","",""
"160","4639","4639","4639","0.8153213262557983","0.8153213262557983","0.8153213262557983","","","","","",""
"161","4668","4668","4668","0.8543561697006226","0.8543561697006226","0.8543561697006226","","","","","",""
"162","4697","4697","4697","0.8215259313583374","0.8215259313583374","0.8215259313583374","","","","","",""
"163","4726","4726","4726","0.8906731605529785","0.8906731605529785","0.8906731605529785","","","","","",""
"164","4755","4755","4755","0.9058575630187988","0.9058575630187988","0.9058575630187988","","","","","",""
"165","4784","4784","4784","0.8136438727378845","0.8136438727378845","0.8136438727378845","","","","","",""
"166","4813","4813","4813","0.7448670864105225","0.7448670864105225","0.7448670864105225","","","","","",""
"167","4842","4842","4842","0.7998268008232117","0.7998268008232117","0.7998268008232117","","","","","",""
"168","4871","4871","4871","0.7210392951965332","0.7210392951965332","0.7210392951965332","","","","","",""
"169","4900","4900","4900","0.904708743095398","0.904708743095398","0.904708743095398","","","","","",""
"170","4929","4929","4929","0.7255086898803711","0.7255086898803711","0.7255086898803711","","","","","",""
"171","4958","4958","4958","0.7787215709686279","0.7787215709686279","0.7787215709686279","","","","","",""
"172","4987","4987","4987","0.707534670829773","0.707534670829773","0.707534670829773","","","","","",""
"173","5016","5016","5016","0.8191237449645996","0.8191237449645996","0.8191237449645996","","","","","",""
"174","5045","5045","5045","0.7487489581108093","0.7487489581108093","0.7487489581108093","","","","","",""
"175","5074","5074","5074","0.7588332295417786","0.7588332295417786","0.7588332295417786","","","","","",""
"176","5103","5103","5103","0.7686423659324646","0.7686423659324646","0.7686423659324646","","","","","",""
"177","5132","5132","5132","0.8633137941360474","0.8633137941360474","0.8633137941360474","","","","","",""
"178","5161","5161","5161","0.7395182251930237","0.7395182251930237","0.7395182251930237","","","","","",""
"179","5190","5190","5190","0.9085021615028381","0.9085021615028381","0.9085021615028381","","","","","",""
"180","5219","5219","5219","0.7379333972930908","0.7379333972930908","0.7379333972930908","","","","","",""
"181","5248","5248","5248","0.6929404735565186","0.6929404735565186","0.6929404735565186","","","","","",""
"182","5277","5277","5277","0.618317723274231","0.618317723274231","0.618317723274231","","","","","",""
"183","5306","5306","5306","0.7566680908203125","0.7566680908203125","0.7566680908203125","","","","","",""
"184","5335","5335","5335","0.7239152193069458","0.7239152193069458","0.7239152193069458","","","","","",""
"185","5364","5364","5364","0.7395555377006531","0.7395555377006531","0.7395555377006531","","","","","",""
"186","5393","5393","5393","0.6576710939407349","0.6576710939407349","0.6576710939407349","","","","","",""
"187","5422","5422","5422","0.7024417519569397","0.7024417519569397","0.7024417519569397","","","","","",""
"188","5451","5451","5451","0.627034068107605","0.627034068107605","0.627034068107605","","","","","",""
"189","5480","5480","5480","0.6944845914840698","0.6944845914840698","0.6944845914840698","","","","","",""
"190","5509","5509","5509","0.671163022518158","0.671163022518158","0.671163022518158","","","","","",""
"191","5538","5538","5538","0.6536872386932373","0.6536872386932373","0.6536872386932373","","","","","",""
"192","5567","5567","5567","0.7378612756729126","0.7378612756729126","0.7378612756729126","","","","","",""
"193","5596","5596","5596","0.6337335109710693","0.6337335109710693","0.6337335109710693","","","","","",""
"194","5625","5625","5625","0.5772523283958435","0.5772523283958435","0.5772523283958435","","","","","",""
"195","5654","5654","5654","0.5296921133995056","0.5296921133995056","0.5296921133995056","","","","","",""
"196","5683","5683","5683","0.5727490186691284","0.5727490186691284","0.5727490186691284","","","","","",""
"197","5712","5712","5712","0.5522252917289734","0.5522252917289734","0.5522252917289734","","","","","",""
"198","5741","5741","5741","0.6633078455924988","0.6633078455924988","0.6633078455924988","","","","","",""
"199","5770","5770","5770","0.7226824164390564","0.7226824164390564","0.7226824164390564","","","","","",""
"200","5799","5799","5799","0.7190628051757812","0.7190628051757812","0.7190628051757812","","","","","",""
"201","5828","5828","5828","0.6322915554046631","0.6322915554046631","0.6322915554046631","","","","","",""
"202","5857","5857","5857","0.6948661804199219","0.6948661804199219","0.6948661804199219","","","","","",""
"203","5886","5886","5886","0.5505971908569336","0.5505971908569336","0.5505971908569336","","","","","",""
"204","5915","5915","5915","0.5763839483261108","0.5763839483261108","0.5763839483261108","","","","","",""
"205","5944","5944","5944","0.5192303657531738","0.5192303657531738","0.5192303657531738","","","","","",""
"206","5973","5973","5973","0.6818126440048218","0.6818126440048218","0.6818126440048218","","","","","",""
"207","6002","6002","6002","0.4230617880821228","0.4230617880821228","0.4230617880821228","","","","","",""
"208","6031","6031","6031","0.5476863384246826","0.5476863384246826","0.5476863384246826","","","","","",""
"209","6060","6060","6060","0.5389620065689087","0.5389620065689087","0.5389620065689087","","","","","",""
"210","6089","6089","6089","0.5203186273574829","0.5203186273574829","0.5203186273574829","","","","","",""
"211","6118","6118","6118","0.49529513716697693","0.49529513716697693","0.49529513716697693","","","","","",""
"212","6147","6147","6147","0.5912958383560181","0.5912958383560181","0.5912958383560181","","","","","",""
"213","6176","6176","6176","0.6872667670249939","0.6872667670249939","0.6872667670249939","","","","","",""
"214","6205","6205","6205","0.6623423099517822","0.6623423099517822","0.6623423099517822","","","","","",""
"215","6234","6234","6234","0.6702255010604858","0.6702255010604858","0.6702255010604858","","","","","",""
"216","6263","6263","6263","0.7181214690208435","0.7181214690208435","0.7181214690208435","","","","","",""
"217","6292","6292","6292","0.7113862633705139","0.7113862633705139","0.7113862633705139","","","","","",""
"218","6321","6321","6321","0.6396487951278687","0.6396487951278687","0.6396487951278687","","","","","",""
"219","6350","6350","6350","0.5990835428237915","0.5990835428237915","0.5990835428237915","","","","","",""
"220","6379","6379","6379","0.6392787098884583","0.6392787098884583","0.6392787098884583","","","","","",""
"221","6408","6408","6408","0.5435980558395386","0.5435980558395386","0.5435980558395386","","","","","",""
"222","6437","6437","6437","0.4860398769378662","0.4860398769378662","0.4860398769378662","","","","","",""
"223","6466","6466","6466","0.5255924463272095","0.5255924463272095","0.5255924463272095","","","","","",""
"224","6495","6495","6495","0.6276711821556091","0.6276711821556091","0.6276711821556091","","","","","",""
"225","6524","6524","6524","0.4592078924179077","0.4592078924179077","0.4592078924179077","","","","","",""
"226","6553","6553","6553","0.5705447793006897","0.5705447793006897","0.5705447793006897","","","","","",""
"227","6582","6582","6582","0.5103381872177124","0.5103381872177124","0.5103381872177124","","","","","",""
"228","6611","6611","6611","0.5672554969787598","0.5672554969787598","0.5672554969787598","","","","","",""
"229","6640","6640","6640","0.6470569372177124","0.6470569372177124","0.6470569372177124","","","","","",""
"230","6669","6669","6669","0.5257284045219421","0.5257284045219421","0.5257284045219421","","","","","",""
"231","6698","6698","6698","0.4648505449295044","0.4648505449295044","0.4648505449295044","","","","","",""
"232","6727","6727","6727","0.6377553343772888","0.6377553343772888","0.6377553343772888","","","","","",""
"233","6756","6756","6756","0.704631507396698","0.704631507396698","0.704631507396698","","","","","",""
"234","6785","6785","6785","0.6288275122642517","0.6288275122642517","0.6288275122642517","","","","","",""
"235","6814","6814","6814","0.6069289445877075","0.6069289445877075","0.6069289445877075","","","","","",""
"236","6843","6843","6843","0.6224362850189209","0.6224362850189209","0.6224362850189209","","","","","",""
"237","6872","6872","6872","0.5769941806793213","0.5769941806793213","0.5769941806793213","","","","","",""
"238","6901","6901","6901","0.45444637537002563","0.45444637537002563","0.45444637537002563","","","","","",""
"239","6930","6930","6930","0.6681565642356873","0.6681565642356873","0.6681565642356873","","","","","",""
"240","6959","6959","6959","0.5712526440620422","0.5712526440620422","0.5712526440620422","","","","","",""
"241","6988","6988","6988","0.49333643913269043","0.49333643913269043","0.49333643913269043","","","","","",""
"242","7017","7017","7017","0.5257435441017151","0.5257435441017151","0.5257435441017151","","","","","",""
"243","7046","7046","7046","0.47014859318733215","0.47014859318733215","0.47014859318733215","","","","","",""
"244","7075","7075","7075","0.6318782567977905","0.6318782567977905","0.6318782567977905","","","","","",""
"245","7104","7104","7104","0.677438497543335","0.677438497543335","0.677438497543335","","","","","",""
"246","7133","7133","7133","0.6469357013702393","0.6469357013702393","0.6469357013702393","","","","","",""
"247","7162","7162","7162","0.6772670745849609","0.6772670745849609","0.6772670745849609","","","","","",""
"248","7191","7191","7191","0.6320803165435791","0.6320803165435791","0.6320803165435791","","","","","",""
"249","7220","7220","7220","0.6925865411758423","0.6925865411758423","0.6925865411758423","","","","","",""
"250","7249","7249","7249","0.6319283246994019","0.6319283246994019","0.6319283246994019","","","","","",""
"251","7278","7278","7278","0.5711003541946411","0.5711003541946411","0.5711003541946411","","","","","",""
"252","7307","7307","7307","0.6016168594360352","0.6016168594360352","0.6016168594360352","","","","","",""
"253","7336","7336","7336","0.6774392127990723","0.6774392127990723","0.6774392127990723","","","","","",""
"254","7365","7365","7365","0.6167581677436829","0.6167581677436829","0.6167581677436829","","","","","",""
"255","7394","7394","7394","0.5864014625549316","0.5864014625549316","0.5864014625549316","","","","","",""
"256","7423","7423","7423","0.5712462067604065","0.5712462067604065","0.5712462067604065","","","","","",""
"257","7452","7452","7452","0.6470744609832764","0.6470744609832764","0.6470744609832764","","","","","",""
"258","7481","7481","7481","0.6167594194412231","0.6167594194412231","0.6167594194412231","","","","","",""
"259","7510","7510","7510","0.6774381399154663","0.6774381399154663","0.6774381399154663","","","","","",""
"260","7539","7539","7539","0.5105725526809692","0.5105725526809692","0.5105725526809692","","","","","",""
"261","7568","7568","7568","0.5771428942680359","0.5771428942680359","0.5771428942680359","","","","","",""
"262","7597","7597","7597","0.5712137818336487","0.5712137818336487","0.5712137818336487","","","","","",""
"263","7626","7626","7626","0.6774761080741882","0.6774761080741882","0.6774761080741882","","","","","",""
"264","7655","7655","7655","0.6774284839630127","0.6774284839630127","0.6774284839630127","","","","","",""
"265","7684","7684","7684","0.7532906532287598","0.7532906532287598","0.7532906532287598","","","","","",""
"266","7713","7713","7713","0.6471025943756104","0.6471025943756104","0.6471025943756104","","","","","",""
"267","7742","7742","7742","0.6015715003013611","0.6015715003013611","0.6015715003013611","","","","","",""
"268","7771","7771","7771","0.6624271869659424","0.6624271869659424","0.6624271869659424","","","","","",""
"269","7800","7800","7800","0.5560742616653442","0.5560742616653442","0.5560742616653442","","","","","",""
"270","7829","7829","7829","0.5407620072364807","0.5407620072364807","0.5407620072364807","","","","","",""
"271","7858","7858","7858","0.5864114761352539","0.5864114761352539","0.5864114761352539","","","","","",""
"272","7887","7887","7887","0.5712413787841797","0.5712413787841797","0.5712413787841797","","","","","",""
"273","7916","7916","7916","0.48023390769958496","0.48023390769958496","0.48023390769958496","","","","","",""
"274","7945","7945","7945","0.404366135597229","0.404366135597229","0.404366135597229","","","","","",""
"275","7974","7974","7974","0.47099196910858154","0.47099196910858154","0.47099196910858154","","","","","",""
"276","8003","8003","8003","0.3133518099784851","0.3133518099784851","0.3133518099784851","","","","","",""
"277","8032","8032","8032","0.30397629737854004","0.30397629737854004","0.30397629737854004","","","","","",""
"278","8061","8061","8061","0.18264302611351013","0.18264302611351013","0.18264302611351013","","","","","",""
"279","8090","8090","8090","0.12739400565624237","0.12739400565624237","0.12739400565624237","","","","","",""
"280","8119","8119","8119","0.15905824303627014","0.15905824303627014","0.15905824303627014","","","","","",""
"281","8148","8148","8148","0.13534089922904968","0.13534089922904968","0.13534089922904968","","","","","",""
"282","8177","8177","8177","0.11392071843147278","0.11392071843147278","0.11392071843147278","","","","","",""
"283","8206","8206","8206","0.09278546273708344","0.09278546273708344","0.09278546273708344","","","","","",""
"284","8235","8235","8235","0.07841770350933075","0.07841770350933075","0.07841770350933075","","","","","",""
"285","8264","8264","8264","0.04497477412223816","0.04497477412223816","0.04497477412223816","","","","","",""
"286","8293","8293","8293","0.059399351477622986","0.059399351477622986","0.059399351477622986","","","","","",""
"287","8322","8322","8322","0.021389735862612724","0.021389735862612724","0.021389735862612724","","","","","",""
"288","8351","8351","8351","0.015772636979818344","0.015772636979818344","0.015772636979818344","","","","","",""
"289","8380","8380","8380","0.009844459593296051","0.009844459593296051","0.009844459593296051","","","","","",""
"290","8409","8409","8409","0.009999999776482582","0.009999999776482582","0.009999999776482582","","","","","",""
"291","8438","8438","8438","0.009999999776482582","0.009999999776482582","0.009999999776482582","","","","","",""
"292","8467","8467","8467","0.009999999776482582","0.009999999776482582","0.009999999776482582","","","","","",""
"293","8496","8496","8496","0.009999999776482582","0.009999999776482582","0.009999999776482582","","","","","",""
"294","8525","8525","8525","0.009999999776482582","0.009999999776482582","0.009999999776482582","","","","","",""
"295","8554","8554","8554","0.009999999776482582","0.009999999776482582","0.009999999776482582","","","","","",""
"296","8583","8583","8583","0.009999999776482582","0.009999999776482582","0.009999999776482582","","","","","",""
"297","8612","8612","8612","0.009999999776482582","0.009999999776482582","0.009999999776482582","","","","","",""
"298","8641","8641","8641","0.009999999776482582","0.009999999776482582","0.009999999776482582","","","","","",""
"299","8670","8670","8670","0.009999999776482582","0.009999999776482582","0.009999999776482582","","","","","",""
"300","8699","8699","8699","0.009999999776482582","0.009999999776482582","0.009999999776482582","","","","","",""
"301","8728","8728","8728","0.009999999776482582","0.009999999776482582","0.009999999776482582","","","","","",""
"302","8757","8757","8757","0.009999999776482582","0.009999999776482582","0.009999999776482582","","","","","",""
"303","8786","8786","8786","0.009999999776482582","0.009999999776482582","0.009999999776482582","","","","","",""
"304","8815","8815","8815","0.009999999776482582","0.009999999776482582","0.009999999776482582","","","","","",""
"305","8844","8844","8844","0.009999999776482582","0.009999999776482582","0.009999999776482582","","","","","",""
"306","8873","8873","8873","0.009999999776482582","0.009999999776482582","0.009999999776482582","","","","","",""
"307","8902","8902","8902","0.009999999776482582","0.009999999776482582","0.009999999776482582","","","","","",""
"308","8931","8931","8931","0.009999999776482582","0.009999999776482582","0.009999999776482582","","","","","",""
"309","8960","8960","8960","0.009999999776482582","0.009999999776482582","0.009999999776482582","","","","","",""
"310","8989","8989","8989","0.009999999776482582","0.009999999776482582","0.009999999776482582","","","","","",""
"311","9018","9018","9018","0.009999999776482582","0.009999999776482582","0.009999999776482582","","","","","",""
"312","9047","9047","9047","0.009999999776482582","0.009999999776482582","0.009999999776482582","","","","","",""
"313","9076","9076","9076","0.009999999776482582","0.009999999776482582","0.009999999776482582","","","","","",""
"314","9105","9105","9105","0.009999999776482582","0.009999999776482582","0.009999999776482582","","","","","",""
"315","9134","9134","9134","0.009999999776482582","0.009999999776482582","0.009999999776482582","","","","","",""
"316","9163","9163","9163","0.009999999776482582","0.009999999776482582","0.009999999776482582","","","","","",""
"317","9192","9192","9192","0.009999999776482582","0.009999999776482582","0.009999999776482582","","","","","",""
"318","9221","9221","9221","0.009999999776482582","0.009999999776482582","0.009999999776482582","","","","","",""
"319","9250","9250","9250","0.009999999776482582","0.009999999776482582","0.009999999776482582","","","","","",""
"320","9279","9279","9279","0.009999999776482582","0.009999999776482582","0.009999999776482582","","","","","",""
"321","9308","9308","9308","0.009999999776482582","0.009999999776482582","0.009999999776482582","","","","","",""
"322","9337","9337","9337","0.009999999776482582","0.009999999776482582","0.009999999776482582","","","","","",""
"323","9366","9366","9366","0.009999999776482582","0.009999999776482582","0.009999999776482582","","","","","",""
"324","9395","9395","9395","0.009999999776482582","0.009999999776482582","0.009999999776482582","","","","","",""
"325","9424","9424","9424","0.009999999776482582","0.009999999776482582","0.009999999776482582","","","","","",""
"326","9453","9453","9453","0.009999999776482582","0.009999999776482582","0.009999999776482582","","","","","",""
"327","9482","9482","9482","0.009999999776482582","0.009999999776482582","0.009999999776482582","","","","","",""
"328","9511","9511","9511","0.009999999776482582","0.009999999776482582","0.009999999776482582","","","","","",""
"329","9540","9540","9540","0.009999999776482582","0.009999999776482582","0.009999999776482582","","","","","",""
"330","9569","9569","9569","0.009999999776482582","0.009999999776482582","0.009999999776482582","","","","","",""
"331","9598","9598","9598","0.009999999776482582","0.009999999776482582","0.009999999776482582","","","","","",""
"332","9627","9627","9627","0.009999999776482582","0.009999999776482582","0.009999999776482582","","","","","",""
"333","9656","9656","9656","0.009999999776482582","0.009999999776482582","0.009999999776482582","","","","","",""
"334","9685","9685","9685","0.009999999776482582","0.009999999776482582","0.009999999776482582","","","","","",""
"335","9714","9714","9714","0.009999999776482582","0.009999999776482582","0.009999999776482582","","","","","",""
"336","9743","9743","9743","0.009999999776482582","0.009999999776482582","0.009999999776482582","","","","","",""
"337","9772","9772","9772","0.009999999776482582","0.009999999776482582","0.009999999776482582","","","","","",""
"338","9801","9801","9801","0.009999999776482582","0.009999999776482582","0.009999999776482582","","","","","",""
"339","9830","9830","9830","0.009999999776482582","0.009999999776482582","0.009999999776482582","","","","","",""
"340","9859","9859","9859","0.009999999776482582","0.009999999776482582","0.009999999776482582","","","","","",""
"341","9888","9888","9888","0.009999999776482582","0.009999999776482582","0.009999999776482582","","","","","",""
"342","9917","9917","9917","0.009999999776482582","0.009999999776482582","0.009999999776482582","","","","","",""
"343","9946","9946","9946","0.009999999776482582","0.009999999776482582","0.009999999776482582","","","","","",""
"344","9975","9975","9975","0.009999999776482582","0.009999999776482582","0.009999999776482582","","","","","",""
"345","10004","10004","10004","0.009999999776482582","0.009999999776482582","0.009999999776482582","","","","","",""
"346","10033","10033","10033","0.009999999776482582","0.009999999776482582","0.009999999776482582","","","","","",""
"347","10062","10062","10062","0.009999999776482582","0.009999999776482582","0.009999999776482582","","","","","",""
"348","10091","10091","10091","0.009999999776482582","0.009999999776482582","0.009999999776482582","","","","","",""
"349","10120","10120","10120","0.009999999776482582","0.009999999776482582","0.009999999776482582","","","","","",""
"350","10149","10149","10149","0.009999999776482582","0.009999999776482582","0.009999999776482582","","","","","",""
"351","10178","10178","10178","0.009999999776482582","0.009999999776482582","0.009999999776482582","","","","","",""
"352","10207","10207","10207","0.009999999776482582","0.009999999776482582","0.009999999776482582","","","","","",""
"353","10236","10236","10236","0.009999999776482582","0.009999999776482582","0.009999999776482582","","","","","",""