"train/global_step","Qwen/Qwen2.5-0.5B-Instruct-r8-g64-1756185192 - _step","Qwen/Qwen2.5-0.5B-Instruct-r8-g64-1756185192 - _step__MIN","Qwen/Qwen2.5-0.5B-Instruct-r8-g64-1756185192 - _step__MAX","Qwen/Qwen2.5-0.5B-Instruct-r8-g64-1756185192 - train/reward","Qwen/Qwen2.5-0.5B-Instruct-r8-g64-1756185192 - train/reward__MIN","Qwen/Qwen2.5-0.5B-Instruct-r8-g64-1756185192 - train/reward__MAX","Qwen/Qwen2.5-1.5B-Instruct-r8-g64-1756184995 - _step","Qwen/Qwen2.5-1.5B-Instruct-r8-g64-1756184995 - _step__MIN","Qwen/Qwen2.5-1.5B-Instruct-r8-g64-1756184995 - _step__MAX","Qwen/Qwen2.5-1.5B-Instruct-r8-g64-1756184995 - train/reward","Qwen/Qwen2.5-1.5B-Instruct-r8-g64-1756184995 - train/reward__MIN","Qwen/Qwen2.5-1.5B-Instruct-r8-g64-1756184995 - train/reward__MAX"
"1","4266.5","16","8517","0.38030990958213806","0.38030990958213806","0.38030990958213806","28","28","28","0.7458820343017578","0.7458820343017578","0.7458820343017578"
"2","4283.5","33","8534","0.3695787787437439","0.3695787787437439","0.3695787787437439","57","57","57","0.7375555038452148","0.7375555038452148","0.7375555038452148"
"3","4300.5","50","8551","0.41121941804885864","0.41008949279785156","0.4123493432998657","86","86","86","0.7419835329055786","0.7419835329055786","0.7419835329055786"
"4","4317.5","67","8568","0.33318160474300385","0.319733202457428","0.3466300070285797","115","115","115","0.6992138624191284","0.6992138624191284","0.6992138624191284"
"5","4334.5","84","8585","0.3713371157646179","0.36524444818496704","0.3774297833442688","144","144","144","0.7056653499603271","0.7056653499603271","0.7056653499603271"
"6","4351.5","101","8602","0.32549014687538147","0.31968966126441956","0.3312906324863434","173","173","173","0.790352463722229","0.790352463722229","0.790352463722229"
"7","4368.5","118","8619","0.33391083776950836","0.3275317847728729","0.3402898907661438","202","202","202","0.771223783493042","0.771223783493042","0.771223783493042"
"8","4385.5","135","8636","0.3879072368144989","0.38336968421936035","0.39244478940963745","231","231","231","0.782535970211029","0.782535970211029","0.782535970211029"
"9","4402.5","152","8653","0.4392756223678589","0.4374377727508545","0.4411134719848633","260","260","260","0.6942790746688843","0.6942790746688843","0.6942790746688843"
"10","4419.5","169","8670","0.38794592022895813","0.3864392042160034","0.38945263624191284","289","289","289","0.6899921894073486","0.6899921894073486","0.6899921894073486"
"11","4436.5","186","8687","0.4242202043533325","0.41505783796310425","0.4333825707435608","318","318","318","0.7151375412940979","0.7151375412940979","0.7151375412940979"
"12","4453.5","203","8704","0.35407358407974243","0.34545862674713135","0.3626885414123535","347","347","347","0.7676993608474731","0.7676993608474731","0.7676993608474731"
"13","4470.5","220","8721","0.30726298689842224","0.2995392680168152","0.3149867057800293","376","376","376","0.7428703308105469","0.7428703308105469","0.7428703308105469"
"14","4487.5","237","8738","0.3425373286008835","0.3278084993362427","0.3572661578655243","405","405","405","0.8243834376335144","0.8243834376335144","0.8243834376335144"
"15","4504.5","254","8755","0.26933375000953674","0.26391279697418213","0.27475470304489136","434","434","434","0.7603479623794556","0.7603479623794556","0.7603479623794556"
"16","4521.5","271","8772","0.42969071865081787","0.4278280735015869","0.43155336380004883","463","463","463","0.6916884779930115","0.6916884779930115","0.6916884779930115"
"17","4538.5","288","8789","0.4093697816133499","0.4084603190422058","0.410279244184494","492","492","492","0.8141081929206848","0.8141081929206848","0.8141081929206848"
"18","4555.5","305","8806","0.517804354429245","0.5114572644233704","0.5241514444351196","521","521","521","0.7904022932052612","0.7904022932052612","0.7904022932052612"
"19","4572.5","322","8823","0.37227678298950195","0.3663784861564636","0.3781750798225403","550","550","550","0.7985097765922546","0.7985097765922546","0.7985097765922546"
"20","4589.5","339","8840","0.40228666365146637","0.40174537897109985","0.4028279483318329","579","579","579","0.7041046023368835","0.7041046023368835","0.7041046023368835"
"21","4606.5","356","8857","0.43663889169692993","0.41623204946517944","0.4570457339286804","608","608","608","0.7660304307937622","0.7660304307937622","0.7660304307937622"
"22","4623.5","373","8874","0.3859214782714844","0.36905986070632935","0.4027830958366394","637","637","637","0.76218181848526","0.76218181848526","0.76218181848526"
"23","4640.5","390","8891","0.40641698241233826","0.40008169412612915","0.41275227069854736","666","666","666","0.7947685122489929","0.7947685122489929","0.7947685122489929"
"24","4657.5","407","8908","0.44286321103572845","0.4405902922153473","0.4451361298561096","695","695","695","0.8324918746948242","0.8324918746948242","0.8324918746948242"
"25","4674.5","424","8925","0.4238794147968292","0.41789722442626953","0.4298616051673889","724","724","724","0.8591669201850891","0.8591669201850891","0.8591669201850891"
"26","4691.5","441","8942","0.5342186391353607","0.512907862663269","0.5555294156074524","753","753","753","0.7479962706565857","0.7479962706565857","0.7479962706565857"
"27","4708.5","458","8959","0.49416258931159973","0.49248093366622925","0.4958442449569702","782","782","782","0.8209429979324341","0.8209429979324341","0.8209429979324341"
"28","4725.5","475","8976","0.4696079045534134","0.45750150084495544","0.48171430826187134","811","811","811","0.8239243030548096","0.8239243030548096","0.8239243030548096"
"29","4742.5","492","8993","0.46078792214393616","0.45340052247047424","0.46817532181739807","840","840","840","0.7708008289337158","0.7708008289337158","0.7708008289337158"
"30","4759.5","509","9010","0.4485842287540436","0.44087380170822144","0.4562946557998657","869","869","869","0.7520304322242737","0.7520304322242737","0.7520304322242737"
"31","4776.5","526","9027","0.481745645403862","0.48051145672798157","0.48297983407974243","898","898","898","0.832487940788269","0.832487940788269","0.832487940788269"
"32","4793.5","543","9044","0.552249014377594","0.5477409958839417","0.5567570328712463","927","927","927","0.7908979058265686","0.7908979058265686","0.7908979058265686"
"33","4810.5","560","9061","0.548265814781189","0.5410255193710327","0.5555061101913452","956","956","956","0.7676606178283691","0.7676606178283691","0.7676606178283691"
"34","4827.5","577","9078","0.5519644021987915","0.5511139631271362","0.5528148412704468","985","985","985","0.8523005247116089","0.8523005247116089","0.8523005247116089"
"35","4844.5","594","9095","0.5680361390113831","0.5660799741744995","0.5699923038482666","1014","1014","1014","0.7675642967224121","0.7675642967224121","0.7675642967224121"
"36","4861.5","611","9112","0.5790635347366333","0.5648282766342163","0.5932987928390503","1043","1043","1043","0.8552654981613159","0.8552654981613159","0.8552654981613159"
"37","4878.5","628","9129","0.7005196511745453","0.6969028115272522","0.7041364908218384","1072","1072","1072","0.8416017293930054","0.8416017293930054","0.8416017293930054"
"38","4895.5","645","9146","0.6193914711475372","0.61805260181427","0.6207303404808044","1101","1101","1101","0.8691157102584839","0.8691157102584839","0.8691157102584839"
"39","4912.5","662","9163","0.727029949426651","0.7193194031715393","0.7347404956817627","1130","1130","1130","0.8749722242355347","0.8749722242355347","0.8749722242355347"
"40","4929.5","679","9180","0.698937177658081","0.6857906579971313","0.7120836973190308","1159","1159","1159","0.7827519774436951","0.7827519774436951","0.7827519774436951"
"41","4946.5","696","9197","0.6588784456253052","0.6439734697341919","0.6737834215164185","1188","1188","1188","0.849868655204773","0.849868655204773","0.849868655204773"
"42","4963.5","713","9214","0.6605216264724731","0.6569342613220215","0.6641089916229248","1217","1217","1217","0.7746002078056335","0.7746002078056335","0.7746002078056335"
"43","4980.5","730","9231","0.7213389277458191","0.6977230310440063","0.7449548244476318","1246","1246","1246","0.8558749556541443","0.8558749556541443","0.8558749556541443"
"44","4997.5","747","9248","0.7112780809402466","0.6965960264205933","0.7259601354598999","1275","1275","1275","0.8279615044593811","0.8279615044593811","0.8279615044593811"
"45","5014.5","764","9265","0.7498290538787842","0.7363966703414917","0.7632614374160767","1304","1304","1304","0.8636402487754822","0.8636402487754822","0.8636402487754822"
"46","5031.5","781","9282","0.7517513036727905","0.7234715223312378","0.7800310850143433","1333","1333","1333","0.8194743394851685","0.8194743394851685","0.8194743394851685"
"47","5048.5","798","9299","0.7989065647125244","0.7865869998931885","0.8112261295318604","1362","1362","1362","0.8610724806785583","0.8610724806785583","0.8610724806785583"
"48","5065.5","815","9316","0.8129377365112305","0.8115807175636292","0.8142947554588318","1391","1391","1391","0.8413823246955872","0.8413823246955872","0.8413823246955872"
"49","5082.5","832","9333","0.7692660391330719","0.7582074403762817","0.7803246378898621","1420","1420","1420","0.8549562096595764","0.8549562096595764","0.8549562096595764"
"50","5099.5","849","9350","0.7722011208534241","0.7525060772895813","0.7918961644172668","1449","1449","1449","0.8076468110084534","0.8076468110084534","0.8076468110084534"
"51","5116.5","866","9367","0.8197391331195831","0.8125128746032715","0.8269653916358948","1478","1478","1478","0.8760141134262085","0.8760141134262085","0.8760141134262085"
"52","5133.5","883","9384","0.7552266120910645","0.7489840984344482","0.7614691257476807","1507","1507","1507","0.8854694366455078","0.8854694366455078","0.8854694366455078"
"53","5150.5","900","9401","0.8195719122886658","0.8193531036376953","0.8197907209396362","1536","1536","1536","0.8627707362174988","0.8627707362174988","0.8627707362174988"
"54","5167.5","917","9418","0.756389856338501","0.7512643337249756","0.7615153789520264","1565","1565","1565","0.8781775832176208","0.8781775832176208","0.8781775832176208"
"55","5184.5","934","9435","0.8336602449417114","0.815239429473877","0.8520810604095459","1594","1594","1594","0.8793883323669434","0.8793883323669434","0.8793883323669434"
"56","5201.5","951","9452","0.835817277431488","0.8271785974502563","0.8444559574127197","1623","1623","1623","0.9008034467697144","0.9008034467697144","0.9008034467697144"
"57","5218.5","968","9469","0.8122692704200745","0.8104812502861023","0.8140572905540466","1652","1652","1652","0.8912597894668579","0.8912597894668579","0.8912597894668579"
"58","5235.5","985","9486","0.8422501981258392","0.820894181728363","0.8636062145233154","1681","1681","1681","0.8687236309051514","0.8687236309051514","0.8687236309051514"
"59","5252.5","1002","9503","0.8326810002326965","0.8251665830612183","0.8401954174041748","1710","1710","1710","0.8871746063232422","0.8871746063232422","0.8871746063232422"
"60","5269.5","1019","9520","0.7962581813335419","0.7896648645401001","0.8028514981269836","1739","1739","1739","0.8618168830871582","0.8618168830871582","0.8618168830871582"
"61","5286.5","1036","9537","0.7909297049045563","0.7688179016113281","0.8130415081977844","1768","1768","1768","0.865113377571106","0.865113377571106","0.865113377571106"
"62","5303.5","1053","9554","0.7579042911529541","0.7577824592590332","0.758026123046875","1797","1797","1797","0.8669812679290771","0.8669812679290771","0.8669812679290771"
"63","5320.5","1070","9571","0.8297711610794067","0.8258881568908691","0.8336541652679443","1826","1826","1826","0.8841615319252014","0.8841615319252014","0.8841615319252014"
"64","5337.5","1087","9588","0.8162272572517395","0.8144193887710571","0.8180351257324219","1855","1855","1855","0.8507765531539917","0.8507765531539917","0.8507765531539917"
"65","5354.5","1104","9605","0.8476531505584717","0.8422343730926514","0.853071928024292","1884","1884","1884","0.8803864121437073","0.8803864121437073","0.8803864121437073"
"66","5371.5","1121","9622","0.8309066891670227","0.8153795003890991","0.8464338779449463","1913","1913","1913","0.8929484486579895","0.8929484486579895","0.8929484486579895"
"67","5388.5","1138","9639","0.8584766089916229","0.8564087152481079","0.8605445027351379","1942","1942","1942","0.895393431186676","0.895393431186676","0.895393431186676"
"68","5405.5","1155","9656","0.832546591758728","0.8102593421936035","0.8548338413238525","1971","1971","1971","0.9177541732788086","0.9177541732788086","0.9177541732788086"
"69","5422.5","1172","9673","0.8554944097995758","0.8492170572280884","0.8617717623710632","2000","2000","2000","0.9045794606208801","0.9045794606208801","0.9045794606208801"
"70","5439.5","1189","9690","0.8574458956718445","0.8568625450134277","0.8580292463302612","2029","2029","2029","0.8634305596351624","0.8634305596351624","0.8634305596351624"
"71","5456.5","1206","9707","0.8766900599002838","0.8734341859817505","0.8799459338188171","2058","2058","2058","0.9260360598564148","0.9260360598564148","0.9260360598564148"
"72","5473.5","1223","9724","0.8607851564884186","0.8600857257843018","0.8614845871925354","2087","2087","2087","0.8993003368377686","0.8993003368377686","0.8993003368377686"
"73","5490.5","1240","9741","0.8343372344970703","0.8095452785491943","0.8591291904449463","2116","2116","2116","0.909300684928894","0.909300684928894","0.909300684928894"
"74","5507.5","1257","9758","0.854214996099472","0.8435750603675842","0.8648549318313599","2145","2145","2145","0.9252426028251648","0.9252426028251648","0.9252426028251648"
"75","5524.5","1274","9775","0.8435853123664856","0.8393785953521729","0.8477920293807983","2174","2174","2174","0.9149402379989624","0.9149402379989624","0.9149402379989624"
"76","5541.5","1291","9792","0.8718298673629761","0.8619076013565063","0.8817521333694458","2203","2203","2203","0.9200422763824463","0.9200422763824463","0.9200422763824463"
"77","5558.5","1308","9809","0.8710488080978394","0.8678432703018188","0.8742543458938599","2232","2232","2232","0.9378980398178101","0.9378980398178101","0.9378980398178101"
"78","5575.5","1325","9826","0.8987967669963837","0.8932496905326843","0.904343843460083","2261","2261","2261","0.9383983016014099","0.9383983016014099","0.9383983016014099"
"79","5592.5","1342","9843","0.8969416320323944","0.8840084671974182","0.9098747968673706","2290","2290","2290","0.9159182906150818","0.9159182906150818","0.9159182906150818"
"80","5609.5","1359","9860","0.8891903758049011","0.8700942993164062","0.908286452293396","2319","2319","2319","0.9108480215072632","0.9108480215072632","0.9108480215072632"
"81","5626.5","1376","9877","0.9114559292793274","0.9074441194534302","0.9154677391052246","2348","2348","2348","0.945699155330658","0.945699155330658","0.945699155330658"
"82","5643.5","1393","9894","0.9269990622997284","0.9219417572021484","0.9320563673973083","2377","2377","2377","0.9338008165359497","0.9338008165359497","0.9338008165359497"
"83","5660.5","1410","9911","0.9250752627849579","0.9134165048599243","0.9367340207099915","2406","2406","2406","0.9403090476989746","0.9403090476989746","0.9403090476989746"
"84","5677.5","1427","9928","0.9189765751361847","0.9076730608940125","0.9302800893783569","2435","2435","2435","0.9478286504745483","0.9478286504745483","0.9478286504745483"
"85","5694.5","1444","9945","0.9160320460796356","0.9136423468589783","0.918421745300293","2464","2464","2464","0.9362540245056152","0.9362540245056152","0.9362540245056152"
"86","5711.5","1461","9962","0.9336870908737183","0.9300686120986938","0.9373055696487427","2493","2493","2493","0.9497897028923035","0.9497897028923035","0.9497897028923035"
"87","5728.5","1478","9979","0.901738703250885","0.88694828748703","0.91652911901474","2522","2522","2522","0.9327679872512817","0.9327679872512817","0.9327679872512817"
"88","5745.5","1495","9996","0.9267774820327759","0.9010165929794312","0.9525383710861206","2551","2551","2551","0.9360617399215698","0.9360617399215698","0.9360617399215698"
"89","5762.5","1512","10013","0.9460295140743256","0.9448072910308838","0.9472517371177673","2580","2580","2580","0.949713945388794","0.949713945388794","0.949713945388794"
"90","5779.5","1529","10030","0.9245993494987488","0.9229601621627808","0.9262385368347168","2609","2609","2609","0.959739089012146","0.959739089012146","0.959739089012146"
"91","5796.5","1546","10047","0.9525968134403229","0.9525164365768433","0.9526771903038025","2638","2638","2638","0.9468692541122437","0.9468692541122437","0.9468692541122437"
"92","5813.5","1563","10064","0.9380621314048767","0.9288874864578247","0.9472367763519287","2667","2667","2667","0.9626351594924927","0.9626351594924927","0.9626351594924927"
"93","5830.5","1580","10081","0.9337323307991028","0.9327198266983032","0.9347448348999023","2696","2696","2696","0.9641599655151367","0.9641599655151367","0.9641599655151367"
"94","5847.5","1597","10098","0.9074382185935974","0.9034793972969055","0.9113970398902893","2725","2725","2725","0.9658293724060059","0.9658293724060059","0.9658293724060059"
"95","5864.5","1614","10115","0.9336009919643402","0.9254028797149658","0.9417991042137146","2754","2754","2754","0.9506763815879822","0.9506763815879822","0.9506763815879822"
"96","5881.5","1631","10132","0.9481655061244965","0.9452763199806213","0.9510546922683716","2783","2783","2783","0.965646505355835","0.965646505355835","0.965646505355835"
"97","5898.5","1648","10149","0.9280903339385986","0.9160999059677124","0.9400807619094849","2812","2812","2812","0.9700927734375","0.9700927734375","0.9700927734375"
"98","5915.5","1665","10166","0.9197087287902832","0.8931776881217957","0.9462397694587708","2841","2841","2841","0.9683576822280884","0.9683576822280884","0.9683576822280884"
"99","5932.5","1682","10183","0.9279158711433411","0.9214083552360535","0.9344233870506287","2870","2870","2870","0.9704784154891968","0.9704784154891968","0.9704784154891968"
"100","5949.5","1699","10200","0.9272013306617737","0.9253976941108704","0.929004967212677","2899","2899","2899","0.971149742603302","0.971149742603302","0.971149742603302"
"101","5966.5","1716","10217","0.9490927457809448","0.9418984651565552","0.9562870264053345","2928","2928","2928","0.9702306985855103","0.9702306985855103","0.9702306985855103"
"102","5983.5","1733","10234","0.9413670003414154","0.9411911964416504","0.9415428042411804","2957","2957","2957","0.9707906246185303","0.9707906246185303","0.9707906246185303"
"103","6000.5","1750","10251","0.9506639838218689","0.9445482492446899","0.9567797183990479","2986","2986","2986","0.971149742603302","0.971149742603302","0.971149742603302"
"104","6017.5","1767","10268","0.937952995300293","0.9306339025497437","0.9452720880508423","3015","3015","3015","0.971149742603302","0.971149742603302","0.971149742603302"
"105","6034.5","1784","10285","0.9350873827934265","0.9262396097183228","0.9439351558685303","3044","3044","3044","0.9688898324966431","0.9688898324966431","0.9688898324966431"
"106","6051.5","1801","10302","0.9113640189170837","0.8980789184570312","0.9246491193771362","3073","3073","3073","0.971149742603302","0.971149742603302","0.971149742603302"
"107","6068.5","1818","10319","0.9379865825176239","0.9258301854133606","0.9501429796218872","3102","3102","3102","0.971149742603302","0.971149742603302","0.971149742603302"
"108","6085.5","1835","10336","0.9436400830745697","0.9336414933204651","0.9536386728286743","3131","3131","3131","0.971149742603302","0.971149742603302","0.971149742603302"
"109","6102.5","1852","10353","0.9576243162155151","0.9564956426620483","0.9587529897689819","3160","3160","3160","0.971149742603302","0.971149742603302","0.971149742603302"
"110","6119.5","1869","10370","0.9388796091079712","0.923953652381897","0.9538055658340454","3189","3189","3189","0.971149742603302","0.971149742603302","0.971149742603302"
"111","6136.5","1886","10387","0.9624723494052887","0.961391270160675","0.9635534286499023","3218","3218","3218","0.971149742603302","0.971149742603302","0.971149742603302"
"112","6153.5","1903","10404","0.9590755701065063","0.9575753211975098","0.9605758190155029","3247","3247","3247","0.9666299819946289","0.9666299819946289","0.9666299819946289"
"113","6170.5","1920","10421","0.9453842639923096","0.9313417673110962","0.959426760673523","3276","3276","3276","0.9688898324966431","0.9688898324966431","0.9688898324966431"
"114","1937","1937","1937","0.9599980115890503","0.9599980115890503","0.9599980115890503","3305","3305","3305","0.971149742603302","0.971149742603302","0.971149742603302"
"115","1954","1954","1954","0.9435537457466125","0.9435537457466125","0.9435537457466125","3334","3334","3334","0.8876657485961914","0.8876657485961914","0.8876657485961914"
"116","1971","1971","1971","0.9392772912979126","0.9392772912979126","0.9392772912979126","3363","3363","3363","0.9358059167861938","0.9358059167861938","0.9358059167861938"
"117","1988","1988","1988","0.8847696781158447","0.8847696781158447","0.8847696781158447","3392","3392","3392","0.9688898324966431","0.9688898324966431","0.9688898324966431"
"118","2005","2005","2005","0.8879801034927368","0.8879801034927368","0.8879801034927368","3421","3421","3421","0.9688898324966431","0.9688898324966431","0.9688898324966431"
"119","2022","2022","2022","0.9471218585968018","0.9471218585968018","0.9471218585968018","3450","3450","3450","0.9643701314926147","0.9643701314926147","0.9643701314926147"
"120","2039","2039","2039","0.9455240964889526","0.9455240964889526","0.9455240964889526","3479","3479","3479","0.96366947889328","0.96366947889328","0.96366947889328"
"121","2056","2056","2056","0.9489656686782837","0.9489656686782837","0.9489656686782837","3508","3508","3508","0.971149742603302","0.971149742603302","0.971149742603302"
"122","2073","2073","2073","0.9536634087562561","0.9536634087562561","0.9536634087562561","3537","3537","3537","0.971149742603302","0.971149742603302","0.971149742603302"
"123","2090","2090","2090","0.9433325529098511","0.9433325529098511","0.9433325529098511","3566","3566","3566","0.971149742603302","0.971149742603302","0.971149742603302"
"124","2107","2107","2107","0.9341111779212952","0.9341111779212952","0.9341111779212952","3595","3595","3595","0.971149742603302","0.971149742603302","0.971149742603302"
"125","2124","2124","2124","0.935706615447998","0.935706615447998","0.935706615447998","3624","3624","3624","0.971149742603302","0.971149742603302","0.971149742603302"
"126","2141","2141","2141","0.9612904787063599","0.9612904787063599","0.9612904787063599","3653","3653","3653","0.971149742603302","0.971149742603302","0.971149742603302"
"127","2158","2158","2158","0.9453202486038208","0.9453202486038208","0.9453202486038208","3682","3682","3682","0.971149742603302","0.971149742603302","0.971149742603302"
"128","2175","2175","2175","0.9375813007354736","0.9375813007354736","0.9375813007354736","3711","3711","3711","0.971149742603302","0.971149742603302","0.971149742603302"
"129","2192","2192","2192","0.9608418941497803","0.9608418941497803","0.9608418941497803","3740","3740","3740","0.970442533493042","0.970442533493042","0.970442533493042"
"130","2209","2209","2209","0.9271329045295715","0.9271329045295715","0.9271329045295715","3769","3769","3769","0.9688898324966431","0.9688898324966431","0.9688898324966431"
"131","2226","2226","2226","0.9330145120620728","0.9330145120620728","0.9330145120620728","3798","3798","3798","0.9688898324966431","0.9688898324966431","0.9688898324966431"
"132","2243","2243","2243","0.8915931582450867","0.8915931582450867","0.8915931582450867","3827","3827","3827","0.971149742603302","0.971149742603302","0.971149742603302"
"133","2260","2260","2260","0.9491575956344604","0.9491575956344604","0.9491575956344604","3856","3856","3856","0.9539244771003723","0.9539244771003723","0.9539244771003723"
"134","2277","2277","2277","0.9505612850189209","0.9505612850189209","0.9505612850189209","3885","3885","3885","0.9561318159103394","0.9561318159103394","0.9561318159103394"
"135","2294","2294","2294","0.9210052490234375","0.9210052490234375","0.9210052490234375","3914","3914","3914","0.9687999486923218","0.9687999486923218","0.9687999486923218"
"136","2311","2311","2311","0.9553240537643433","0.9553240537643433","0.9553240537643433","3943","3943","3943","0.957877516746521","0.957877516746521","0.957877516746521"
"137","2328","2328","2328","0.9113767147064209","0.9113767147064209","0.9113767147064209","3972","3972","3972","0.9604009389877319","0.9604009389877319","0.9604009389877319"
"138","2345","2345","2345","0.9412180185317993","0.9412180185317993","0.9412180185317993","4001","4001","4001","0.95610111951828","0.95610111951828","0.95610111951828"
"139","2362","2362","2362","0.9311507344245911","0.9311507344245911","0.9311507344245911","4030","4030","4030","0.933769702911377","0.933769702911377","0.933769702911377"
"140","2379","2379","2379","0.9138270616531372","0.9138270616531372","0.9138270616531372","4059","4059","4059","0.9245448708534241","0.9245448708534241","0.9245448708534241"
"141","2396","2396","2396","0.948936939239502","0.948936939239502","0.948936939239502","4088","4088","4088","0.9269302487373352","0.9269302487373352","0.9269302487373352"
"142","2413","2413","2413","0.9586184024810791","0.9586184024810791","0.9586184024810791","4117","4117","4117","0.9426838755607605","0.9426838755607605","0.9426838755607605"
"143","2430","2430","2430","0.9413804411888123","0.9413804411888123","0.9413804411888123","4146","4146","4146","0.9385443925857544","0.9385443925857544","0.9385443925857544"
"144","2447","2447","2447","0.8830531239509583","0.8830531239509583","0.8830531239509583","4175","4175","4175","0.9230182766914368","0.9230182766914368","0.9230182766914368"
"145","2464","2464","2464","0.9493459463119507","0.9493459463119507","0.9493459463119507","4204","4204","4204","0.9321551322937012","0.9321551322937012","0.9321551322937012"
"146","2481","2481","2481","0.9332284331321716","0.9332284331321716","0.9332284331321716","4233","4233","4233","0.9344216585159302","0.9344216585159302","0.9344216585159302"
"147","2498","2498","2498","0.9508926868438721","0.9508926868438721","0.9508926868438721","4262","4262","4262","0.95113205909729","0.95113205909729","0.95113205909729"
"148","2515","2515","2515","0.9391361474990845","0.9391361474990845","0.9391361474990845","4291","4291","4291","0.9581459760665894","0.9581459760665894","0.9581459760665894"
"149","2532","2532","2532","0.9286524057388306","0.9286524057388306","0.9286524057388306","4320","4320","4320","0.9533941745758057","0.9533941745758057","0.9533941745758057"
"150","2549","2549","2549","0.9222347736358643","0.9222347736358643","0.9222347736358643","4349","4349","4349","0.929902195930481","0.929902195930481","0.929902195930481"
"151","2566","2566","2566","0.8302353620529175","0.8302353620529175","0.8302353620529175","4378","4378","4378","0.9649819731712341","0.9649819731712341","0.9649819731712341"
"152","2583","2583","2583","0.8042791485786438","0.8042791485786438","0.8042791485786438","4407","4407","4407","0.9623843431472778","0.9623843431472778","0.9623843431472778"
"153","2600","2600","2600","0.8024396896362305","0.8024396896362305","0.8024396896362305","4436","4436","4436","0.9478936791419983","0.9478936791419983","0.9478936791419983"
"154","2617","2617","2617","0.8866727352142334","0.8866727352142334","0.8866727352142334","4465","4465","4465","0.922214925289154","0.922214925289154","0.922214925289154"
"155","2634","2634","2634","0.8900312185287476","0.8900312185287476","0.8900312185287476","4494","4494","4494","0.9526586532592773","0.9526586532592773","0.9526586532592773"
"156","2651","2651","2651","0.8968135118484497","0.8968135118484497","0.8968135118484497","4523","4523","4523","0.9412429332733154","0.9412429332733154","0.9412429332733154"
"157","2668","2668","2668","0.8335224390029907","0.8335224390029907","0.8335224390029907","4552","4552","4552","0.9374096989631653","0.9374096989631653","0.9374096989631653"
"158","2685","2685","2685","0.8458765149116516","0.8458765149116516","0.8458765149116516","4581","4581","4581","0.9354988932609558","0.9354988932609558","0.9354988932609558"
"159","2702","2702","2702","0.936501145362854","0.936501145362854","0.936501145362854","4610","4610","4610","0.9297841787338257","0.9297841787338257","0.9297841787338257"
"160","2719","2719","2719","0.9327455759048462","0.9327455759048462","0.9327455759048462","4639","4639","4639","0.914987325668335","0.914987325668335","0.914987325668335"
"161","2736","2736","2736","0.9404191970825195","0.9404191970825195","0.9404191970825195","4668","4668","4668","0.9156844615936279","0.9156844615936279","0.9156844615936279"
"162","2753","2753","2753","0.9518865346908569","0.9518865346908569","0.9518865346908569","4697","4697","4697","0.9206869602203369","0.9206869602203369","0.9206869602203369"
"163","2770","2770","2770","0.8669968247413635","0.8669968247413635","0.8669968247413635","4726","4726","4726","0.9343752264976501","0.9343752264976501","0.9343752264976501"
"164","2787","2787","2787","0.9307379722595215","0.9307379722595215","0.9307379722595215","4755","4755","4755","0.9108231067657471","0.9108231067657471","0.9108231067657471"
"165","2804","2804","2804","0.923511803150177","0.923511803150177","0.923511803150177","4784","4784","4784","0.9407094120979309","0.9407094120979309","0.9407094120979309"
"166","2821","2821","2821","0.9276365041732788","0.9276365041732788","0.9276365041732788","4813","4813","4813","0.9386407136917114","0.9386407136917114","0.9386407136917114"
"167","2838","2838","2838","0.9571260809898376","0.9571260809898376","0.9571260809898376","4842","4842","4842","0.9176384210586548","0.9176384210586548","0.9176384210586548"
"168","2855","2855","2855","0.9214257001876831","0.9214257001876831","0.9214257001876831","4871","4871","4871","0.9010738730430603","0.9010738730430603","0.9010738730430603"
"169","2872","2872","2872","0.9269424080848694","0.9269424080848694","0.9269424080848694","4900","4900","4900","0.9262591600418091","0.9262591600418091","0.9262591600418091"
"170","2889","2889","2889","0.9438813924789429","0.9438813924789429","0.9438813924789429","4929","4929","4929","0.9162740707397461","0.9162740707397461","0.9162740707397461"
"171","2906","2906","2906","0.9328683018684387","0.9328683018684387","0.9328683018684387","4958","4958","4958","0.9287214279174805","0.9287214279174805","0.9287214279174805"
"172","2923","2923","2923","0.930312991142273","0.930312991142273","0.930312991142273","4987","4987","4987","0.9496841430664062","0.9496841430664062","0.9496841430664062"
"173","2940","2940","2940","0.9082502126693726","0.9082502126693726","0.9082502126693726","5016","5016","5016","0.9344257712364197","0.9344257712364197","0.9344257712364197"
"174","2957","2957","2957","0.9138613939285278","0.9138613939285278","0.9138613939285278","5045","5045","5045","0.9156198501586914","0.9156198501586914","0.9156198501586914"
"175","2974","2974","2974","0.9472078084945679","0.9472078084945679","0.9472078084945679","5074","5074","5074","0.8733929395675659","0.8733929395675659","0.8733929395675659"
"176","2991","2991","2991","0.9155831336975098","0.9155831336975098","0.9155831336975098","5103","5103","5103","0.9215760827064514","0.9215760827064514","0.9215760827064514"
"177","3008","3008","3008","0.91465163230896","0.91465163230896","0.91465163230896","5132","5132","5132","0.8879950046539307","0.8879950046539307","0.8879950046539307"
"178","3025","3025","3025","0.9084804058074951","0.9084804058074951","0.9084804058074951","5161","5161","5161","0.8892427086830139","0.8892427086830139","0.8892427086830139"
"179","3042","3042","3042","0.8551126718521118","0.8551126718521118","0.8551126718521118","5190","5190","5190","0.9206507802009583","0.9206507802009583","0.9206507802009583"
"180","3059","3059","3059","0.9141629934310913","0.9141629934310913","0.9141629934310913","5219","5219","5219","0.9352611303329468","0.9352611303329468","0.9352611303329468"
"181","3076","3076","3076","0.9196640253067017","0.9196640253067017","0.9196640253067017","5248","5248","5248","0.9113281965255737","0.9113281965255737","0.9113281965255737"
"182","3093","3093","3093","0.905341386795044","0.905341386795044","0.905341386795044","5277","5277","5277","0.8790861368179321","0.8790861368179321","0.8790861368179321"
"183","3110","3110","3110","0.9478492140769958","0.9478492140769958","0.9478492140769958","5306","5306","5306","0.8649165630340576","0.8649165630340576","0.8649165630340576"
"184","3127","3127","3127","0.9417910575866699","0.9417910575866699","0.9417910575866699","5335","5335","5335","0.8721522688865662","0.8721522688865662","0.8721522688865662"
"185","3144","3144","3144","0.9243042469024658","0.9243042469024658","0.9243042469024658","5364","5364","5364","0.9066778421401978","0.9066778421401978","0.9066778421401978"
"186","3161","3161","3161","0.9418727159500122","0.9418727159500122","0.9418727159500122","5393","5393","5393","0.8347086906433105","0.8347086906433105","0.8347086906433105"
"187","3178","3178","3178","0.9379148483276367","0.9379148483276367","0.9379148483276367","5422","5422","5422","0.8730286359786987","0.8730286359786987","0.8730286359786987"
"188","3195","3195","3195","0.9196836948394775","0.9196836948394775","0.9196836948394775","5451","5451","5451","0.8900328874588013","0.8900328874588013","0.8900328874588013"
"189","3212","3212","3212","0.9310286641120911","0.9310286641120911","0.9310286641120911","5480","5480","5480","0.6824214458465576","0.6824214458465576","0.6824214458465576"
"190","3229","3229","3229","0.9362941980361938","0.9362941980361938","0.9362941980361938","5509","5509","5509","0.7766781449317932","0.7766781449317932","0.7766781449317932"
"191","3246","3246","3246","0.8813632726669312","0.8813632726669312","0.8813632726669312","5538","5538","5538","0.7433030605316162","0.7433030605316162","0.7433030605316162"
"192","3263","3263","3263","0.8480325937271118","0.8480325937271118","0.8480325937271118","5567","5567","5567","0.6064776182174683","0.6064776182174683","0.6064776182174683"
"193","3280","3280","3280","0.8898717164993286","0.8898717164993286","0.8898717164993286","5596","5596","5596","0.5757952332496643","0.5757952332496643","0.5757952332496643"
"194","3297","3297","3297","0.880423903465271","0.880423903465271","0.880423903465271","5625","5625","5625","0.621591329574585","0.621591329574585","0.621591329574585"
"195","3314","3314","3314","0.9022693634033203","0.9022693634033203","0.9022693634033203","5654","5654","5654","0.697062075138092","0.697062075138092","0.697062075138092"
"196","3331","3331","3331","0.8541537523269653","0.8541537523269653","0.8541537523269653","5683","5683","5683","0.7089089155197144","0.7089089155197144","0.7089089155197144"
"197","3348","3348","3348","0.8120118975639343","0.8120118975639343","0.8120118975639343","5712","5712","5712","0.7261942625045776","0.7261942625045776","0.7261942625045776"
"198","3365","3365","3365","0.7875906229019165","0.7875906229019165","0.7875906229019165","5741","5741","5741","0.6942781209945679","0.6942781209945679","0.6942781209945679"
"199","3382","3382","3382","0.8442733287811279","0.8442733287811279","0.8442733287811279","5770","5770","5770","0.7801026105880737","0.7801026105880737","0.7801026105880737"
"200","3399","3399","3399","0.8730683326721191","0.8730683326721191","0.8730683326721191","5799","5799","5799","0.7545942664146423","0.7545942664146423","0.7545942664146423"
"201","3416","3416","3416","0.6636476516723633","0.6636476516723633","0.6636476516723633","5828","5828","5828","0.6680288314819336","0.6680288314819336","0.6680288314819336"
"202","3433","3433","3433","0.7466440796852112","0.7466440796852112","0.7466440796852112","5857","5857","5857","0.6600762009620667","0.6600762009620667","0.6600762009620667"
"203","3450","3450","3450","0.8006896376609802","0.8006896376609802","0.8006896376609802","5886","5886","5886","0.6238175630569458","0.6238175630569458","0.6238175630569458"
"204","3467","3467","3467","0.7286909818649292","0.7286909818649292","0.7286909818649292","5915","5915","5915","0.439474493265152","0.439474493265152","0.439474493265152"
"205","3484","3484","3484","0.8479135036468506","0.8479135036468506","0.8479135036468506","5944","5944","5944","0.4892827868461609","0.4892827868461609","0.4892827868461609"
"206","3501","3501","3501","0.8427000045776367","0.8427000045776367","0.8427000045776367","5973","5973","5973","0.4321381449699402","0.4321381449699402","0.4321381449699402"
"207","3518","3518","3518","0.7093751430511475","0.7093751430511475","0.7093751430511475","6002","6002","6002","0.5891077518463135","0.5891077518463135","0.5891077518463135"
"208","3535","3535","3535","0.7699261903762817","0.7699261903762817","0.7699261903762817","6031","6031","6031","0.6466803550720215","0.6466803550720215","0.6466803550720215"
"209","3552","3552","3552","0.810556173324585","0.810556173324585","0.810556173324585","6060","6060","6060","0.6390471458435059","0.6390471458435059","0.6390471458435059"
"210","3569","3569","3569","0.7842763066291809","0.7842763066291809","0.7842763066291809","6089","6089","6089","0.5950280427932739","0.5950280427932739","0.5950280427932739"
"211","3586","3586","3586","0.7981247901916504","0.7981247901916504","0.7981247901916504","6118","6118","6118","0.666948676109314","0.666948676109314","0.666948676109314"
"212","3603","3603","3603","0.7821276187896729","0.7821276187896729","0.7821276187896729","6147","6147","6147","0.6780974864959717","0.6780974864959717","0.6780974864959717"
"213","3620","3620","3620","0.6934069395065308","0.6934069395065308","0.6934069395065308","6176","6176","6176","0.6025824546813965","0.6025824546813965","0.6025824546813965"
"214","3637","3637","3637","0.7583255767822266","0.7583255767822266","0.7583255767822266","6205","6205","6205","0.6735730171203613","0.6735730171203613","0.6735730171203613"
"215","3654","3654","3654","0.7266045212745667","0.7266045212745667","0.7266045212745667","6234","6234","6234","0.6126270294189453","0.6126270294189453","0.6126270294189453"
"216","3671","3671","3671","0.7196208238601685","0.7196208238601685","0.7196208238601685","6263","6263","6263","0.6102526783943176","0.6102526783943176","0.6102526783943176"
"217","3688","3688","3688","0.7110810279846191","0.7110810279846191","0.7110810279846191","6292","6292","6292","0.6455605030059814","0.6455605030059814","0.6455605030059814"
"218","3705","3705","3705","0.6650346517562866","0.6650346517562866","0.6650346517562866","6321","6321","6321","0.5563589334487915","0.5563589334487915","0.5563589334487915"
"219","3722","3722","3722","0.700782299041748","0.700782299041748","0.700782299041748","6350","6350","6350","0.46213749051094055","0.46213749051094055","0.46213749051094055"
"220","3739","3739","3739","0.7641655206680298","0.7641655206680298","0.7641655206680298","6379","6379","6379","0.5456663370132446","0.5456663370132446","0.5456663370132446"
"221","3756","3756","3756","0.7371077537536621","0.7371077537536621","0.7371077537536621","6408","6408","6408","0.5492275953292847","0.5492275953292847","0.5492275953292847"
"222","3773","3773","3773","0.6921473145484924","0.6921473145484924","0.6921473145484924","6437","6437","6437","0.46915751695632935","0.46915751695632935","0.46915751695632935"
"223","3790","3790","3790","0.7114362716674805","0.7114362716674805","0.7114362716674805","6466","6466","6466","0.5168907046318054","0.5168907046318054","0.5168907046318054"
"224","3807","3807","3807","0.7425682544708252","0.7425682544708252","0.7425682544708252","6495","6495","6495","0.5816112756729126","0.5816112756729126","0.5816112756729126"
"225","3824","3824","3824","0.6346060037612915","0.6346060037612915","0.6346060037612915","6524","6524","6524","0.5251719951629639","0.5251719951629639","0.5251719951629639"
"226","3841","3841","3841","0.6278325915336609","0.6278325915336609","0.6278325915336609","6553","6553","6553","0.3724890947341919","0.3724890947341919","0.3724890947341919"
"227","3858","3858","3858","0.744889497756958","0.744889497756958","0.744889497756958","6582","6582","6582","0.4759461283683777","0.4759461283683777","0.4759461283683777"
"228","3875","3875","3875","0.7916545867919922","0.7916545867919922","0.7916545867919922","6611","6611","6611","0.5904334783554077","0.5904334783554077","0.5904334783554077"
"229","3892","3892","3892","0.7925597429275513","0.7925597429275513","0.7925597429275513","6640","6640","6640","0.7118687629699707","0.7118687629699707","0.7118687629699707"
"230","3909","3909","3909","0.7416138648986816","0.7416138648986816","0.7416138648986816","6669","6669","6669","0.6832902431488037","0.6832902431488037","0.6832902431488037"
"231","3926","3926","3926","0.7612470388412476","0.7612470388412476","0.7612470388412476","6698","6698","6698","0.6618666052818298","0.6618666052818298","0.6618666052818298"
"232","3943","3943","3943","0.8494905233383179","0.8494905233383179","0.8494905233383179","6727","6727","6727","0.6174184083938599","0.6174184083938599","0.6174184083938599"
"233","3960","3960","3960","0.7565034627914429","0.7565034627914429","0.7565034627914429","6756","6756","6756","0.5521082878112793","0.5521082878112793","0.5521082878112793"
"234","3977","3977","3977","0.7386691570281982","0.7386691570281982","0.7386691570281982","6785","6785","6785","0.616687536239624","0.616687536239624","0.616687536239624"
"235","3994","3994","3994","0.7247086763381958","0.7247086763381958","0.7247086763381958","6814","6814","6814","0.5606296062469482","0.5606296062469482","0.5606296062469482"
"236","4011","4011","4011","0.7096515893936157","0.7096515893936157","0.7096515893936157","6843","6843","6843","0.46881967782974243","0.46881967782974243","0.46881967782974243"
"237","4028","4028","4028","0.7236725091934204","0.7236725091934204","0.7236725091934204","6872","6872","6872","0.4639904201030731","0.4639904201030731","0.4639904201030731"
"238","4045","4045","4045","0.7059613466262817","0.7059613466262817","0.7059613466262817","6901","6901","6901","0.5146532654762268","0.5146532654762268","0.5146532654762268"
"239","4062","4062","4062","0.7304561138153076","0.7304561138153076","0.7304561138153076","6930","6930","6930","0.5794892311096191","0.5794892311096191","0.5794892311096191"
"240","4079","4079","4079","0.5888679027557373","0.5888679027557373","0.5888679027557373","6959","6959","6959","0.5533408522605896","0.5533408522605896","0.5533408522605896"
"241","4096","4096","4096","0.5139049887657166","0.5139049887657166","0.5139049887657166","6988","6988","6988","0.385237455368042","0.385237455368042","0.385237455368042"
"242","4113","4113","4113","0.640977680683136","0.640977680683136","0.640977680683136","7017","7017","7017","0.47325608134269714","0.47325608134269714","0.47325608134269714"
"243","4130","4130","4130","0.6626624464988708","0.6626624464988708","0.6626624464988708","7046","7046","7046","0.432351291179657","0.432351291179657","0.432351291179657"
"244","4147","4147","4147","0.8240683078765869","0.8240683078765869","0.8240683078765869","7075","7075","7075","0.413718044757843","0.413718044757843","0.413718044757843"
"245","4164","4164","4164","0.6879113912582397","0.6879113912582397","0.6879113912582397","7104","7104","7104","0.5054306387901306","0.5054306387901306","0.5054306387901306"
"246","4181","4181","4181","0.7377108335494995","0.7377108335494995","0.7377108335494995","7133","7133","7133","0.6187139749526978","0.6187139749526978","0.6187139749526978"
"247","4198","4198","4198","0.663011908531189","0.663011908531189","0.663011908531189","7162","7162","7162","0.5716175436973572","0.5716175436973572","0.5716175436973572"
"248","4215","4215","4215","0.6215952634811401","0.6215952634811401","0.6215952634811401","7191","7191","7191","0.5956696271896362","0.5956696271896362","0.5956696271896362"
"249","4232","4232","4232","0.5841454863548279","0.5841454863548279","0.5841454863548279","7220","7220","7220","0.6358233690261841","0.6358233690261841","0.6358233690261841"
"250","4249","4249","4249","0.5670130252838135","0.5670130252838135","0.5670130252838135","7249","7249","7249","0.6076945066452026","0.6076945066452026","0.6076945066452026"
"251","4266","4266","4266","0.5687642097473145","0.5687642097473145","0.5687642097473145","7278","7278","7278","0.6590766310691833","0.6590766310691833","0.6590766310691833"
"252","4283","4283","4283","0.5207861661911011","0.5207861661911011","0.5207861661911011","7307","7307","7307","0.6804218888282776","0.6804218888282776","0.6804218888282776"
"253","4300","4300","4300","0.5506269931793213","0.5506269931793213","0.5506269931793213","7336","7336","7336","0.6693823337554932","0.6693823337554932","0.6693823337554932"
"254","4317","4317","4317","0.435547798871994","0.435547798871994","0.435547798871994","7365","7365","7365","0.6335529685020447","0.6335529685020447","0.6335529685020447"
"255","4334","4334","4334","0.5693792104721069","0.5693792104721069","0.5693792104721069","7394","7394","7394","0.5321841239929199","0.5321841239929199","0.5321841239929199"
"256","4351","4351","4351","0.541515588760376","0.541515588760376","0.541515588760376","7423","7423","7423","0.5625543594360352","0.5625543594360352","0.5625543594360352"
"257","4368","4368","4368","0.6532118320465088","0.6532118320465088","0.6532118320465088","7452","7452","7452","0.5069633722305298","0.5069633722305298","0.5069633722305298"
"258","4385","4385","4385","0.4596509635448456","0.4596509635448456","0.4596509635448456","7481","7481","7481","0.4768548011779785","0.4768548011779785","0.4768548011779785"
"259","4402","4402","4402","0.5566766262054443","0.5566766262054443","0.5566766262054443","7510","7510","7510","0.5097411870956421","0.5097411870956421","0.5097411870956421"
"260","4419","4419","4419","0.5327203869819641","0.5327203869819641","0.5327203869819641","7539","7539","7539","0.47963273525238037","0.47963273525238037","0.47963273525238037"
"261","4436","4436","4436","0.5495584011077881","0.5495584011077881","0.5495584011077881","7568","7568","7568","0.48243027925491333","0.48243027925491333","0.48243027925491333"
"262","4453","4453","4453","0.6289209723472595","0.6289209723472595","0.6289209723472595","7597","7597","7597","0.47903263568878174","0.47903263568878174","0.47903263568878174"
"263","4470","4470","4470","0.5394322872161865","0.5394322872161865","0.5394322872161865","7626","7626","7626","0.514337956905365","0.514337956905365","0.514337956905365"
"264","4487","4487","4487","0.6763454675674438","0.6763454675674438","0.6763454675674438","7655","7655","7655","0.5803149938583374","0.5803149938583374","0.5803149938583374"
"265","4504","4504","4504","0.5147669911384583","0.5147669911384583","0.5147669911384583","7684","7684","7684","0.6311086416244507","0.6311086416244507","0.6311086416244507"
"266","4521","4521","4521","0.544569730758667","0.544569730758667","0.544569730758667","7713","7713","7713","0.6582050919532776","0.6582050919532776","0.6582050919532776"
"267","4538","4538","4538","0.5359184741973877","0.5359184741973877","0.5359184741973877","7742","7742","7742","0.6105790138244629","0.6105790138244629","0.6105790138244629"
"268","4555","4555","4555","0.4830493927001953","0.4830493927001953","0.4830493927001953","7771","7771","7771","0.6692996025085449","0.6692996025085449","0.6692996025085449"
"269","4572","4572","4572","0.5256603956222534","0.5256603956222534","0.5256603956222534","7800","7800","7800","0.5911288857460022","0.5911288857460022","0.5911288857460022"
"270","4589","4589","4589","0.5544841289520264","0.5544841289520264","0.5544841289520264","7829","7829","7829","0.5372272729873657","0.5372272729873657","0.5372272729873657"
"271","4606","4606","4606","0.475131630897522","0.475131630897522","0.475131630897522","7858","7858","7858","0.5742170810699463","0.5742170810699463","0.5742170810699463"
"272","4623","4623","4623","0.4899985194206238","0.4899985194206238","0.4899985194206238","7887","7887","7887","0.5830953121185303","0.5830953121185303","0.5830953121185303"
"273","4640","4640","4640","0.5510189533233643","0.5510189533233643","0.5510189533233643","7916","7916","7916","0.58392333984375","0.58392333984375","0.58392333984375"
"274","4657","4657","4657","0.3691748380661011","0.3691748380661011","0.3691748380661011","7945","7945","7945","0.6921485662460327","0.6921485662460327","0.6921485662460327"
"275","4674","4674","4674","0.45808929204940796","0.45808929204940796","0.45808929204940796","7974","7974","7974","0.5543158054351807","0.5543158054351807","0.5543158054351807"
"276","4691","4691","4691","0.5467236638069153","0.5467236638069153","0.5467236638069153","8003","8003","8003","0.5852426290512085","0.5852426290512085","0.5852426290512085"
"277","4708","4708","4708","0.5145596265792847","0.5145596265792847","0.5145596265792847","8032","8032","8032","0.6575993895530701","0.6575993895530701","0.6575993895530701"
"278","4725","4725","4725","0.3571072220802307","0.3571072220802307","0.3571072220802307","8061","8061","8061","0.6327318549156189","0.6327318549156189","0.6327318549156189"
"279","4742","4742","4742","0.4324823021888733","0.4324823021888733","0.4324823021888733","8090","8090","8090","0.5136889219284058","0.5136889219284058","0.5136889219284058"
"280","4759","4759","4759","0.42712458968162537","0.42712458968162537","0.42712458968162537","8119","8119","8119","0.6101921200752258","0.6101921200752258","0.6101921200752258"
"281","4776","4776","4776","0.3896787166595459","0.3896787166595459","0.3896787166595459","8148","8148","8148","0.5726505517959595","0.5726505517959595","0.5726505517959595"
"282","4793","4793","4793","0.6251916885375977","0.6251916885375977","0.6251916885375977","8177","8177","8177","0.5423468351364136","0.5423468351364136","0.5423468351364136"
"283","4810","4810","4810","0.5616775751113892","0.5616775751113892","0.5616775751113892","8206","8206","8206","0.6459109783172607","0.6459109783172607","0.6459109783172607"
"284","4827","4827","4827","0.5960218906402588","0.5960218906402588","0.5960218906402588","8235","8235","8235","0.5061800479888916","0.5061800479888916","0.5061800479888916"
"285","4844","4844","4844","0.6359139680862427","0.6359139680862427","0.6359139680862427","8264","8264","8264","0.504125714302063","0.504125714302063","0.504125714302063"
"286","4861","4861","4861","0.69537752866745","0.69537752866745","0.69537752866745","8293","8293","8293","0.6023311614990234","0.6023311614990234","0.6023311614990234"
"287","4878","4878","4878","0.7479430437088013","0.7479430437088013","0.7479430437088013","8322","8322","8322","0.43767988681793213","0.43767988681793213","0.43767988681793213"
"288","4895","4895","4895","0.6480274200439453","0.6480274200439453","0.6480274200439453","8351","8351","8351","0.450192391872406","0.450192391872406","0.450192391872406"
"289","4912","4912","4912","0.720547616481781","0.720547616481781","0.720547616481781","8380","8380","8380","0.6462630033493042","0.6462630033493042","0.6462630033493042"
"290","4929","4929","4929","0.6373324394226074","0.6373324394226074","0.6373324394226074","8409","8409","8409","0.64610755443573","0.64610755443573","0.64610755443573"
"291","4946","4946","4946","0.6364288330078125","0.6364288330078125","0.6364288330078125","8438","8438","8438","0.5984205007553101","0.5984205007553101","0.5984205007553101"
"292","4963","4963","4963","0.5139920711517334","0.5139920711517334","0.5139920711517334","8467","8467","8467","0.6079680323600769","0.6079680323600769","0.6079680323600769"
"293","4980","4980","4980","0.6897475123405457","0.6897475123405457","0.6897475123405457","8496","8496","8496","0.5945410132408142","0.5945410132408142","0.5945410132408142"
"294","4997","4997","4997","0.5453771352767944","0.5453771352767944","0.5453771352767944","8525","8525","8525","0.5064518451690674","0.5064518451690674","0.5064518451690674"
"295","5014","5014","5014","0.5954739451408386","0.5954739451408386","0.5954739451408386","8554","8554","8554","0.5339616537094116","0.5339616537094116","0.5339616537094116"
"296","5031","5031","5031","0.5271562337875366","0.5271562337875366","0.5271562337875366","8583","8583","8583","0.4881265163421631","0.4881265163421631","0.4881265163421631"
"297","5048","5048","5048","0.5694522261619568","0.5694522261619568","0.5694522261619568","8612","8612","8612","0.5473505854606628","0.5473505854606628","0.5473505854606628"
"298","5065","5065","5065","0.6142715215682983","0.6142715215682983","0.6142715215682983","8641","8641","8641","0.3358599543571472","0.3358599543571472","0.3358599543571472"
"299","5082","5082","5082","0.4920544922351837","0.4920544922351837","0.4920544922351837","8670","8670","8670","0.3607286810874939","0.3607286810874939","0.3607286810874939"
"300","5099","5099","5099","0.4921855330467224","0.4921855330467224","0.4921855330467224","8699","8699","8699","0.26877033710479736","0.26877033710479736","0.26877033710479736"
"301","5116","5116","5116","0.3911815881729126","0.3911815881729126","0.3911815881729126","8728","8728","8728","0.24408763647079468","0.24408763647079468","0.24408763647079468"
"302","5133","5133","5133","0.5232736468315125","0.5232736468315125","0.5232736468315125","8757","8757","8757","0.16478313505649567","0.16478313505649567","0.16478313505649567"
"303","5150","5150","5150","0.5708593726158142","0.5708593726158142","0.5708593726158142","8786","8786","8786","0.0952780693769455","0.0952780693769455","0.0952780693769455"
"304","5167","5167","5167","0.4879732131958008","0.4879732131958008","0.4879732131958008","8815","8815","8815","0.07754698395729065","0.07754698395729065","0.07754698395729065"
"305","5184","5184","5184","0.4761234223842621","0.4761234223842621","0.4761234223842621","8844","8844","8844","0.03411776199936867","0.03411776199936867","0.03411776199936867"
"306","5201","5201","5201","0.5688613653182983","0.5688613653182983","0.5688613653182983","8873","8873","8873","0.009688918478786945","0.009688918478786945","0.009688918478786945"
"307","5218","5218","5218","0.48696887493133545","0.48696887493133545","0.48696887493133545","8902","8902","8902","0.009999999776482582","0.009999999776482582","0.009999999776482582"
"308","5235","5235","5235","0.5339939594268799","0.5339939594268799","0.5339939594268799","8931","8931","8931","0.00953337736427784","0.00953337736427784","0.00953337736427784"
"309","5252","5252","5252","0.5427229404449463","0.5427229404449463","0.5427229404449463","8960","8960","8960","0.009999999776482582","0.009999999776482582","0.009999999776482582"
"310","5269","5269","5269","0.5928497910499573","0.5928497910499573","0.5928497910499573","8989","8989","8989","0.009999999776482582","0.009999999776482582","0.009999999776482582"
"311","5286","5286","5286","0.5944427251815796","0.5944427251815796","0.5944427251815796","9018","9018","9018","0.009999999776482582","0.009999999776482582","0.009999999776482582"
"312","5303","5303","5303","0.5856842994689941","0.5856842994689941","0.5856842994689941","9047","9047","9047","0.009999999776482582","0.009999999776482582","0.009999999776482582"
"313","5320","5320","5320","0.57085120677948","0.57085120677948","0.57085120677948","9076","9076","9076","0.009999999776482582","0.009999999776482582","0.009999999776482582"
"314","5337","5337","5337","0.6141066551208496","0.6141066551208496","0.6141066551208496","9105","9105","9105","0.009999999776482582","0.009999999776482582","0.009999999776482582"
"315","5354","5354","5354","0.5769197344779968","0.5769197344779968","0.5769197344779968","9134","9134","9134","0.009999999776482582","0.009999999776482582","0.009999999776482582"
"316","5371","5371","5371","0.5746598243713379","0.5746598243713379","0.5746598243713379","9163","9163","9163","0.009999999776482582","0.009999999776482582","0.009999999776482582"
"317","5388","5388","5388","0.44877976179122925","0.44877976179122925","0.44877976179122925","9192","9192","9192","0.009999999776482582","0.009999999776482582","0.009999999776482582"
"318","5405","5405","5405","0.5230569839477539","0.5230569839477539","0.5230569839477539","9221","9221","9221","0.009999999776482582","0.009999999776482582","0.009999999776482582"
"319","5422","5422","5422","0.6255503296852112","0.6255503296852112","0.6255503296852112","9250","9250","9250","0.009999999776482582","0.009999999776482582","0.009999999776482582"
"320","5439","5439","5439","0.5360738635063171","0.5360738635063171","0.5360738635063171","9279","9279","9279","0.009999999776482582","0.009999999776482582","0.009999999776482582"
"321","5456","5456","5456","0.5382734537124634","0.5382734537124634","0.5382734537124634","9308","9308","9308","0.009999999776482582","0.009999999776482582","0.009999999776482582"
"322","5473","5473","5473","0.6230406761169434","0.6230406761169434","0.6230406761169434","9337","9337","9337","0.009999999776482582","0.009999999776482582","0.009999999776482582"
"323","5490","5490","5490","0.5406408309936523","0.5406408309936523","0.5406408309936523","9366","9366","9366","0.009999999776482582","0.009999999776482582","0.009999999776482582"
"324","5507","5507","5507","0.6227825284004211","0.6227825284004211","0.6227825284004211","9395","9395","9395","0.009999999776482582","0.009999999776482582","0.009999999776482582"
"325","5524","5524","5524","0.6051567792892456","0.6051567792892456","0.6051567792892456","9424","9424","9424","0.009999999776482582","0.009999999776482582","0.009999999776482582"
"326","5541","5541","5541","0.5162767767906189","0.5162767767906189","0.5162767767906189","9453","9453","9453","0.009999999776482582","0.009999999776482582","0.009999999776482582"
"327","5558","5558","5558","0.5697250366210938","0.5697250366210938","0.5697250366210938","9482","9482","9482","0.009999999776482582","0.009999999776482582","0.009999999776482582"
"328","5575","5575","5575","0.6747083067893982","0.6747083067893982","0.6747083067893982","9511","9511","9511","0.009999999776482582","0.009999999776482582","0.009999999776482582"
"329","5592","5592","5592","0.6525671482086182","0.6525671482086182","0.6525671482086182","9540","9540","9540","0.009999999776482582","0.009999999776482582","0.009999999776482582"
"330","5609","5609","5609","0.5040987730026245","0.5040987730026245","0.5040987730026245","9569","9569","9569","0.009999999776482582","0.009999999776482582","0.009999999776482582"
"331","5626","5626","5626","0.5361392498016357","0.5361392498016357","0.5361392498016357","9598","9598","9598","0.009999999776482582","0.009999999776482582","0.009999999776482582"
"332","5643","5643","5643","0.501196026802063","0.501196026802063","0.501196026802063","9627","9627","9627","0.009999999776482582","0.009999999776482582","0.009999999776482582"
"333","5660","5660","5660","0.6112772226333618","0.6112772226333618","0.6112772226333618","9656","9656","9656","0.009999999776482582","0.009999999776482582","0.009999999776482582"
"334","5677","5677","5677","0.4670891761779785","0.4670891761779785","0.4670891761779785","9685","9685","9685","0.009999999776482582","0.009999999776482582","0.009999999776482582"
"335","5694","5694","5694","0.5281749367713928","0.5281749367713928","0.5281749367713928","9714","9714","9714","0.009999999776482582","0.009999999776482582","0.009999999776482582"
"336","5711","5711","5711","0.5671747922897339","0.5671747922897339","0.5671747922897339","9743","9743","9743","0.009999999776482582","0.009999999776482582","0.009999999776482582"
"337","5728","5728","5728","0.5406458973884583","0.5406458973884583","0.5406458973884583","9772","9772","9772","0.009999999776482582","0.009999999776482582","0.009999999776482582"
"338","5745","5745","5745","0.40694358944892883","0.40694358944892883","0.40694358944892883","9801","9801","9801","0.009999999776482582","0.009999999776482582","0.009999999776482582"
"339","5762","5762","5762","0.49890607595443726","0.49890607595443726","0.49890607595443726","9830","9830","9830","0.009999999776482582","0.009999999776482582","0.009999999776482582"
"340","5779","5779","5779","0.39263278245925903","0.39263278245925903","0.39263278245925903","9859","9859","9859","0.009999999776482582","0.009999999776482582","0.009999999776482582"
"341","5796","5796","5796","0.5998184680938721","0.5998184680938721","0.5998184680938721","9888","9888","9888","0.009999999776482582","0.009999999776482582","0.009999999776482582"
"342","5813","5813","5813","0.5028384923934937","0.5028384923934937","0.5028384923934937","9917","9917","9917","0.009999999776482582","0.009999999776482582","0.009999999776482582"
"343","5830","5830","5830","0.5549890398979187","0.5549890398979187","0.5549890398979187","9946","9946","9946","0.009999999776482582","0.009999999776482582","0.009999999776482582"
"344","5847","5847","5847","0.618726372718811","0.618726372718811","0.618726372718811","9975","9975","9975","0.009999999776482582","0.009999999776482582","0.009999999776482582"
"345","5864","5864","5864","0.5683996081352234","0.5683996081352234","0.5683996081352234","10004","10004","10004","0.009999999776482582","0.009999999776482582","0.009999999776482582"
"346","5881","5881","5881","0.4601023197174072","0.4601023197174072","0.4601023197174072","10033","10033","10033","0.009999999776482582","0.009999999776482582","0.009999999776482582"
"347","5898","5898","5898","0.5308127999305725","0.5308127999305725","0.5308127999305725","10062","10062","10062","0.009999999776482582","0.009999999776482582","0.009999999776482582"
"348","5915","5915","5915","0.5344946384429932","0.5344946384429932","0.5344946384429932","10091","10091","10091","0.009999999776482582","0.009999999776482582","0.009999999776482582"
"349","5932","5932","5932","0.650226354598999","0.650226354598999","0.650226354598999","10120","10120","10120","0.009999999776482582","0.009999999776482582","0.009999999776482582"
"350","5949","5949","5949","0.5421739816665649","0.5421739816665649","0.5421739816665649","10149","10149","10149","0.009999999776482582","0.009999999776482582","0.009999999776482582"
"351","5966","5966","5966","0.5216094255447388","0.5216094255447388","0.5216094255447388","10178","10178","10178","0.009999999776482582","0.009999999776482582","0.009999999776482582"
"352","5983","5983","5983","0.5753874778747559","0.5753874778747559","0.5753874778747559","10207","10207","10207","0.009999999776482582","0.009999999776482582","0.009999999776482582"
"353","6000","6000","6000","0.5789045095443726","0.5789045095443726","0.5789045095443726","10236","10236","10236","0.009999999776482582","0.009999999776482582","0.009999999776482582"
"354","6017","6017","6017","0.457159161567688","0.457159161567688","0.457159161567688","10265","10265","10265","0.009999999776482582","0.009999999776482582","0.009999999776482582"
"355","6034","6034","6034","0.5654218196868896","0.5654218196868896","0.5654218196868896","10294","10294","10294","0.009999999776482582","0.009999999776482582","0.009999999776482582"
"356","6051","6051","6051","0.540668249130249","0.540668249130249","0.540668249130249","10323","10323","10323","0.009999999776482582","0.009999999776482582","0.009999999776482582"
"357","6068","6068","6068","0.543776273727417","0.543776273727417","0.543776273727417","10352","10352","10352","0.009999999776482582","0.009999999776482582","0.009999999776482582"
"358","6085","6085","6085","0.5532613396644592","0.5532613396644592","0.5532613396644592","","","","","",""
"359","6102","6102","6102","0.5171878337860107","0.5171878337860107","0.5171878337860107","","","","","",""
"360","6119","6119","6119","0.5824407339096069","0.5824407339096069","0.5824407339096069","","","","","",""
"361","6136","6136","6136","0.5750596523284912","0.5750596523284912","0.5750596523284912","","","","","",""
"362","6153","6153","6153","0.5626952648162842","0.5626952648162842","0.5626952648162842","","","","","",""
"363","6170","6170","6170","0.47588807344436646","0.47588807344436646","0.47588807344436646","","","","","",""
"364","6187","6187","6187","0.5434455871582031","0.5434455871582031","0.5434455871582031","","","","","",""
"365","6204","6204","6204","0.5485364198684692","0.5485364198684692","0.5485364198684692","","","","","",""
"366","6221","6221","6221","0.44820284843444824","0.44820284843444824","0.44820284843444824","","","","","",""
"367","6238","6238","6238","0.5359787940979004","0.5359787940979004","0.5359787940979004","","","","","",""
"368","6255","6255","6255","0.5045374631881714","0.5045374631881714","0.5045374631881714","","","","","",""
"369","6272","6272","6272","0.5342421531677246","0.5342421531677246","0.5342421531677246","","","","","",""
"370","6289","6289","6289","0.5313747525215149","0.5313747525215149","0.5313747525215149","","","","","",""
"371","6306","6306","6306","0.5742535591125488","0.5742535591125488","0.5742535591125488","","","","","",""
"372","6323","6323","6323","0.6314794421195984","0.6314794421195984","0.6314794421195984","","","","","",""
"373","6340","6340","6340","0.6787561774253845","0.6787561774253845","0.6787561774253845","","","","","",""
"374","6357","6357","6357","0.6094088554382324","0.6094088554382324","0.6094088554382324","","","","","",""
"375","6374","6374","6374","0.618791937828064","0.618791937828064","0.618791937828064","","","","","",""
"376","6391","6391","6391","0.6061239838600159","0.6061239838600159","0.6061239838600159","","","","","",""
"377","6408","6408","6408","0.6237194538116455","0.6237194538116455","0.6237194538116455","","","","","",""
"378","6425","6425","6425","0.5507071018218994","0.5507071018218994","0.5507071018218994","","","","","",""
"379","6442","6442","6442","0.4974709749221802","0.4974709749221802","0.4974709749221802","","","","","",""
"380","6459","6459","6459","0.4876871705055237","0.4876871705055237","0.4876871705055237","","","","","",""
"381","6476","6476","6476","0.33750468492507935","0.33750468492507935","0.33750468492507935","","","","","",""
"382","6493","6493","6493","0.23552119731903076","0.23552119731903076","0.23552119731903076","","","","","",""
"383","6510","6510","6510","0.03862155228853226","0.03862155228853226","0.03862155228853226","","","","","",""
"384","6527","6527","6527","0.02431074157357216","0.02431074157357216","0.02431074157357216","","","","","",""
"385","6544","6544","6544","0.09586452692747116","0.09586452692747116","0.09586452692747116","","","","","",""
"386","6561","6561","6561","0.03697893023490906","0.03697893023490906","0.03697893023490906","","","","","",""
"387","6578","6578","6578","0.0582815445959568","0.0582815445959568","0.0582815445959568","","","","","",""
"388","6595","6595","6595","0.06240527331829071","0.06240527331829071","0.06240527331829071","","","","","",""
"389","6612","6612","6612","0.05710570141673088","0.05710570141673088","0.05710570141673088","","","","","",""
"390","6629","6629","6629","0.03542627394199371","0.03542627394199371","0.03542627394199371","","","","","",""
"391","6646","6646","6646","0.035360630601644516","0.035360630601644516","0.035360630601644516","","","","","",""
"392","6663","6663","6663","0.052103813737630844","0.052103813737630844","0.052103813737630844","","","","","",""
"393","6680","6680","6680","0.12519808113574982","0.12519808113574982","0.12519808113574982","","","","","",""
"394","6697","6697","6697","0.28214022517204285","0.28214022517204285","0.28214022517204285","","","","","",""
"395","6714","6714","6714","0.5371959805488586","0.5371959805488586","0.5371959805488586","","","","","",""
"396","6731","6731","6731","0.662578284740448","0.662578284740448","0.662578284740448","","","","","",""
"397","6748","6748","6748","0.6875051259994507","0.6875051259994507","0.6875051259994507","","","","","",""
"398","6765","6765","6765","0.589427649974823","0.589427649974823","0.589427649974823","","","","","",""
"399","6782","6782","6782","0.5002606511116028","0.5002606511116028","0.5002606511116028","","","","","",""
"400","6799","6799","6799","0.45908212661743164","0.45908212661743164","0.45908212661743164","","","","","",""
"401","6816","6816","6816","0.4435526132583618","0.4435526132583618","0.4435526132583618","","","","","",""
"402","6833","6833","6833","0.453688383102417","0.453688383102417","0.453688383102417","","","","","",""
"403","6850","6850","6850","0.41200536489486694","0.41200536489486694","0.41200536489486694","","","","","",""
"404","6867","6867","6867","0.5215409994125366","0.5215409994125366","0.5215409994125366","","","","","",""
"405","6884","6884","6884","0.5597271919250488","0.5597271919250488","0.5597271919250488","","","","","",""
"406","6901","6901","6901","0.594085156917572","0.594085156917572","0.594085156917572","","","","","",""
"407","6918","6918","6918","0.541893482208252","0.541893482208252","0.541893482208252","","","","","",""
"408","6935","6935","6935","0.5175365805625916","0.5175365805625916","0.5175365805625916","","","","","",""
"409","6952","6952","6952","0.5804280638694763","0.5804280638694763","0.5804280638694763","","","","","",""
"410","6969","6969","6969","0.45365625619888306","0.45365625619888306","0.45365625619888306","","","","","",""
"411","6986","6986","6986","0.36981678009033203","0.36981678009033203","0.36981678009033203","","","","","",""
"412","7003","7003","7003","0.3569687604904175","0.3569687604904175","0.3569687604904175","","","","","",""
"413","7020","7020","7020","0.4423115849494934","0.4423115849494934","0.4423115849494934","","","","","",""
"414","7037","7037","7037","0.4121893644332886","0.4121893644332886","0.4121893644332886","","","","","",""
"415","7054","7054","7054","0.30348312854766846","0.30348312854766846","0.30348312854766846","","","","","",""
"416","7071","7071","7071","0.4003732204437256","0.4003732204437256","0.4003732204437256","","","","","",""
"417","7088","7088","7088","0.6131513118743896","0.6131513118743896","0.6131513118743896","","","","","",""
"418","7105","7105","7105","0.7675248384475708","0.7675248384475708","0.7675248384475708","","","","","",""
"419","7122","7122","7122","0.8766109347343445","0.8766109347343445","0.8766109347343445","","","","","",""
"420","7139","7139","7139","0.909462034702301","0.909462034702301","0.909462034702301","","","","","",""
"421","7156","7156","7156","0.9066491723060608","0.9066491723060608","0.9066491723060608","","","","","",""
"422","7173","7173","7173","0.9258875846862793","0.9258875846862793","0.9258875846862793","","","","","",""
"423","7190","7190","7190","0.9258875846862793","0.9258875846862793","0.9258875846862793","","","","","",""
"424","7207","7207","7207","0.9258875846862793","0.9258875846862793","0.9258875846862793","","","","","",""
"425","7224","7224","7224","0.9258875846862793","0.9258875846862793","0.9258875846862793","","","","","",""
"426","7241","7241","7241","0.9258875846862793","0.9258875846862793","0.9258875846862793","","","","","",""
"427","7258","7258","7258","0.9258875846862793","0.9258875846862793","0.9258875846862793","","","","","",""
"428","7275","7275","7275","0.9258875846862793","0.9258875846862793","0.9258875846862793","","","","","",""
"429","7292","7292","7292","0.9258875846862793","0.9258875846862793","0.9258875846862793","","","","","",""
"430","7309","7309","7309","0.9258875846862793","0.9258875846862793","0.9258875846862793","","","","","",""
"431","7326","7326","7326","0.9258875846862793","0.9258875846862793","0.9258875846862793","","","","","",""
"432","7343","7343","7343","0.9258875846862793","0.9258875846862793","0.9258875846862793","","","","","",""
"433","7360","7360","7360","0.9258875846862793","0.9258875846862793","0.9258875846862793","","","","","",""
"434","7377","7377","7377","0.9258875846862793","0.9258875846862793","0.9258875846862793","","","","","",""
"435","7394","7394","7394","0.9258875846862793","0.9258875846862793","0.9258875846862793","","","","","",""
"436","7411","7411","7411","0.9258875846862793","0.9258875846862793","0.9258875846862793","","","","","",""
"437","7428","7428","7428","0.9258875846862793","0.9258875846862793","0.9258875846862793","","","","","",""
"438","7445","7445","7445","0.9258875846862793","0.9258875846862793","0.9258875846862793","","","","","",""
"439","7462","7462","7462","0.9258875846862793","0.9258875846862793","0.9258875846862793","","","","","",""
"440","7479","7479","7479","0.9258875846862793","0.9258875846862793","0.9258875846862793","","","","","",""
"441","7496","7496","7496","0.9258875846862793","0.9258875846862793","0.9258875846862793","","","","","",""
"442","7513","7513","7513","0.9258875846862793","0.9258875846862793","0.9258875846862793","","","","","",""
"443","7530","7530","7530","0.9258875846862793","0.9258875846862793","0.9258875846862793","","","","","",""
"444","7547","7547","7547","0.9258875846862793","0.9258875846862793","0.9258875846862793","","","","","",""
"445","7564","7564","7564","0.9258875846862793","0.9258875846862793","0.9258875846862793","","","","","",""
"446","7581","7581","7581","0.9258875846862793","0.9258875846862793","0.9258875846862793","","","","","",""
"447","7598","7598","7598","0.9258875846862793","0.9258875846862793","0.9258875846862793","","","","","",""
"448","7615","7615","7615","0.9258875846862793","0.9258875846862793","0.9258875846862793","","","","","",""
"449","7632","7632","7632","0.9258875846862793","0.9258875846862793","0.9258875846862793","","","","","",""
"450","7649","7649","7649","0.9258875846862793","0.9258875846862793","0.9258875846862793","","","","","",""
"451","7666","7666","7666","0.9258875846862793","0.9258875846862793","0.9258875846862793","","","","","",""
"452","7683","7683","7683","0.9258875846862793","0.9258875846862793","0.9258875846862793","","","","","",""
"453","7700","7700","7700","0.9258875846862793","0.9258875846862793","0.9258875846862793","","","","","",""
"454","7717","7717","7717","0.9258875846862793","0.9258875846862793","0.9258875846862793","","","","","",""
"455","7734","7734","7734","0.9258875846862793","0.9258875846862793","0.9258875846862793","","","","","",""
"456","7751","7751","7751","0.9258875846862793","0.9258875846862793","0.9258875846862793","","","","","",""
"457","7768","7768","7768","0.9258875846862793","0.9258875846862793","0.9258875846862793","","","","","",""
"458","7785","7785","7785","0.9258875846862793","0.9258875846862793","0.9258875846862793","","","","","",""
"459","7802","7802","7802","0.9258875846862793","0.9258875846862793","0.9258875846862793","","","","","",""
"460","7819","7819","7819","0.9115768671035767","0.9115768671035767","0.9115768671035767","","","","","",""
"461","7836","7836","7836","0.9258875846862793","0.9258875846862793","0.9258875846862793","","","","","",""
"462","7853","7853","7853","0.9258875846862793","0.9258875846862793","0.9258875846862793","","","","","",""
"463","7870","7870","7870","0.9258875846862793","0.9258875846862793","0.9258875846862793","","","","","",""
"464","7887","7887","7887","0.9258875846862793","0.9258875846862793","0.9258875846862793","","","","","",""
"465","7904","7904","7904","0.9258875846862793","0.9258875846862793","0.9258875846862793","","","","","",""
"466","7921","7921","7921","0.9258875846862793","0.9258875846862793","0.9258875846862793","","","","","",""
"467","7938","7938","7938","0.9258875846862793","0.9258875846862793","0.9258875846862793","","","","","",""
"468","7955","7955","7955","0.9258875846862793","0.9258875846862793","0.9258875846862793","","","","","",""
"469","7972","7972","7972","0.9115768671035767","0.9115768671035767","0.9115768671035767","","","","","",""
"470","7989","7989","7989","0.9258875846862793","0.9258875846862793","0.9258875846862793","","","","","",""
"471","8006","8006","8006","0.9258875846862793","0.9258875846862793","0.9258875846862793","","","","","",""
"472","8023","8023","8023","0.9258875846862793","0.9258875846862793","0.9258875846862793","","","","","",""
"473","8040","8040","8040","0.9258875846862793","0.9258875846862793","0.9258875846862793","","","","","",""
"474","8057","8057","8057","0.9258875846862793","0.9258875846862793","0.9258875846862793","","","","","",""
"475","8074","8074","8074","0.9258875846862793","0.9258875846862793","0.9258875846862793","","","","","",""
"476","8091","8091","8091","0.9258875846862793","0.9258875846862793","0.9258875846862793","","","","","",""
"477","8108","8108","8108","0.9258875846862793","0.9258875846862793","0.9258875846862793","","","","","",""
"478","8125","8125","8125","0.9258875846862793","0.9258875846862793","0.9258875846862793","","","","","",""
"479","8142","8142","8142","0.9258875846862793","0.9258875846862793","0.9258875846862793","","","","","",""
"480","8159","8159","8159","0.9258875846862793","0.9258875846862793","0.9258875846862793","","","","","",""
"481","8176","8176","8176","0.9258875846862793","0.9258875846862793","0.9258875846862793","","","","","",""
"482","8193","8193","8193","0.9258875846862793","0.9258875846862793","0.9258875846862793","","","","","",""
"483","8210","8210","8210","0.9258875846862793","0.9258875846862793","0.9258875846862793","","","","","",""
"484","8227","8227","8227","0.9258875846862793","0.9258875846862793","0.9258875846862793","","","","","",""
"485","8244","8244","8244","0.9258875846862793","0.9258875846862793","0.9258875846862793","","","","","",""
"486","8261","8261","8261","0.9258875846862793","0.9258875846862793","0.9258875846862793","","","","","",""
"487","8278","8278","8278","0.9258875846862793","0.9258875846862793","0.9258875846862793","","","","","",""
"488","8295","8295","8295","0.9115768671035767","0.9115768671035767","0.9115768671035767","","","","","",""
"489","8312","8312","8312","0.9258875846862793","0.9258875846862793","0.9258875846862793","","","","","",""
"490","8329","8329","8329","0.9258875846862793","0.9258875846862793","0.9258875846862793","","","","","",""
"491","8346","8346","8346","0.9258875846862793","0.9258875846862793","0.9258875846862793","","","","","",""
"492","8363","8363","8363","0.9258875846862793","0.9258875846862793","0.9258875846862793","","","","","",""
"493","8380","8380","8380","0.9258875846862793","0.9258875846862793","0.9258875846862793","","","","","",""
"494","8397","8397","8397","0.9258875846862793","0.9258875846862793","0.9258875846862793","","","","","",""
"495","8414","8414","8414","0.9115768671035767","0.9115768671035767","0.9115768671035767","","","","","",""
"496","8431","8431","8431","0.9115768671035767","0.9115768671035767","0.9115768671035767","","","","","",""
"497","8448","8448","8448","0.9115768671035767","0.9115768671035767","0.9115768671035767","","","","","",""
"498","8465","8465","8465","0.9258875846862793","0.9258875846862793","0.9258875846862793","","","","","",""
"499","8482","8482","8482","0.9258875846862793","0.9258875846862793","0.9258875846862793","","","","","",""
"500","8499","8499","8499","0.9258875846862793","0.9258875846862793","0.9258875846862793","","","","","",""